Date,Open,High,Low,Close,Volume,Dividends,Stock Splits
2023-03-29 00:00:00-04:00,73.5521952311198,74.8859423032134,67.6680196126302,70.610107421875,171500,0.0,0.0
2023-03-30 00:00:00-04:00,71.59079917701514,73.55219093528953,71.10045123744655,72.57149505615234,38600,0.0,0.0
2023-03-31 00:00:00-04:00,72.57149607009471,73.55219196293382,72.57149607009471,73.159912109375,27400,0.0,0.0
2023-04-03 00:00:00-04:00,72.47343116976195,73.47373773239138,71.49273523372219,73.23837280273438,73700,0.0,0.0
2023-04-04 00:00:00-04:00,73.66007641253881,81.39776717560201,71.0514214875433,77.47498321533203,1875500,0.0,0.0
2023-04-05 00:00:00-04:00,78.39683139445636,80.63281681378528,76.08238850866638,76.23929595947266,1836600,0.0,0.0
2023-04-06 00:00:00-04:00,75.95489138081838,80.33860307311868,75.81269377321807,78.53412628173828,898500,0.0,0.0
2023-04-10 00:00:00-04:00,77.8868741121939,80.65243651827667,76.79830095938418,76.82772064208984,1118600,0.0,0.0
2023-04-11 00:00:00-04:00,76.09217767155496,80.07380740081135,75.832293903135,78.45565795898438,476000,0.0,0.0
2023-04-12 00:00:00-04:00,78.46547567513217,79.49520181027421,77.62011634613754,78.62238311767578,359100,0.0,0.0
2023-04-13 00:00:00-04:00,77.98493692179238,79.71587211868902,77.8084113554239,78.20069122314453,484400,0.0,0.0
2023-04-14 00:00:00-04:00,77.96531170565865,79.46577499794995,77.26901862475748,78.49488830566406,426700,0.0,0.0
2023-04-17 00:00:00-04:00,78.4556789535799,80.24054535048919,78.2203140117118,79.58348083496094,207200,0.0,0.0
2023-04-18 00:00:00-04:00,79.83844140399069,80.19148497631721,76.82769838914251,77.12191009521484,557900,0.0,0.0
2023-04-19 00:00:00-04:00,76.61197317051723,77.79861441650753,75.59792939019466,77.27884674072266,338400,0.0,0.0
2023-04-20 00:00:00-04:00,76.29814118155663,77.27883704516474,75.36647562185954,75.77836608886719,222300,0.0,0.0
2023-04-21 00:00:00-04:00,75.92547568122164,77.01502889887847,73.13539461554956,74.78787231445312,304700,0.0,0.0
2023-04-24 00:00:00-04:00,74.85653130421856,75.28803247844819,72.22826559051218,72.36556243896484,416200,0.0,0.0
2023-04-25 00:00:00-04:00,71.355437870138,74.77806456644919,71.355437870138,72.5224609375,294800,0.0,0.0
2023-04-26 00:00:00-04:00,71.18870567213332,72.27237784064125,69.59017418606149,70.02168273925781,429100,0.0,0.0
2023-04-27 00:00:00-04:00,70.05109668119184,71.13966954609052,69.64900783824967,71.00237274169922,227300,0.0,0.0
2023-04-28 00:00:00-04:00,70.86509133837195,71.22794405078693,69.98344364547548,70.67875671386719,487600,0.0,0.0
2023-05-01 00:00:00-04:00,70.67876951790767,71.96838731817405,70.67876951790767,71.09066009521484,253900,0.0,0.0
2023-05-02 00:00:00-04:00,70.6983798799504,71.0514310826215,69.83536998570857,69.85498809814453,352400,0.0,0.0
2023-05-03 00:00:00-04:00,70.08052442405682,71.16909741427624,69.18809509277344,69.18809509277344,319500,0.0,0.0
2023-05-04 00:00:00-04:00,68.82525142859552,69.14888293180827,65.98123129046499,67.14826202392578,562500,0.0,0.0
2023-05-05 00:00:00-04:00,67.84455142383058,70.65915171391545,67.77100221467761,70.34532928466797,417700,0.0,0.0
2023-05-08 00:00:00-04:00,70.60029282714238,73.98859881726568,70.37473696945258,73.4737319946289,441600,0.0,0.0
2023-05-09 00:00:00-04:00,73.32661925547687,76.15102785487848,72.42928921233315,75.03303527832031,522800,0.0,0.0
2023-05-10 00:00:00-04:00,75.41551280485973,75.94312915054057,74.09647568171542,74.54269409179688,317000,0.0,0.0
2023-05-11 00:00:00-04:00,74.20926117638385,77.71525370748303,72.97358965925447,73.17953491210938,716900,0.0,0.0
2023-05-12 00:00:00-04:00,74.23866175551507,74.23866175551507,71.63001507513611,73.7483139038086,392100,0.0,0.0
2023-05-15 00:00:00-04:00,74.23867691531883,75.4547452229988,73.0177153037982,75.3370590209961,368200,0.0,0.0
2023-05-16 00:00:00-04:00,74.52307863748612,75.59694183491501,73.7777551476957,73.90524291992188,379100,0.0,0.0
2023-05-17 00:00:00-04:00,74.23867744171339,74.23867744171339,69.95304110082212,73.00300598144531,467400,0.0,0.0
2023-05-18 00:00:00-04:00,72.80686492818946,73.33644163682625,71.4829268976556,73.20895385742188,318500,0.0,0.0
2023-05-19 00:00:00-04:00,74.02291738688662,74.64075300651686,71.63982645100616,73.0127944946289,594300,0.0,0.0
2023-05-22 00:00:00-04:00,73.30702269279583,74.44463359288918,71.7477197145589,73.17953491210938,504800,0.0,0.0
2023-05-23 00:00:00-04:00,73.10107353943103,73.66987895912752,71.30639824044863,71.44369506835938,361100,0.0,0.0
2023-05-24 00:00:00-04:00,71.15928244270613,73.12558224363772,70.63363394112832,73.0226058959961,397600,0.0,0.0
2023-05-25 00:00:00-04:00,72.95395818837528,74.42010106726376,72.3361225429694,74.16021728515625,322400,0.0,0.0
2023-05-26 00:00:00-04:00,74.29751231477186,74.94476762081258,73.9052325172941,74.02291870117188,164900,0.0,0.0
2023-05-30 00:00:00-04:00,74.09174191981506,74.59308701738739,73.46259679737015,74.42597198486328,149800,0.18,0.0
2023-05-31 00:00:00-04:00,73.86563933039662,74.27261940935331,71.06397628685644,71.42770385742188,464400,0.0,0.0
2023-06-01 00:00:00-04:00,71.67345324016819,72.41564577372075,71.27040322194736,72.09615325927734,187600,0.0,0.0
2023-06-02 00:00:00-04:00,72.84328291413075,75.8218937488783,72.66142286316497,75.70393371582031,206100,0.0,0.0
2023-06-05 00:00:00-04:00,75.12392776612498,75.5859578446397,73.13818992868019,73.81648254394531,191100,0.0,0.0
2023-06-06 00:00:00-04:00,73.83614290121439,76.75577321364436,73.83614290121439,76.657470703125,234000,0.0,0.0
2023-06-07 00:00:00-04:00,77.10966802681013,79.72455079900904,76.62797297666759,78.96761322021484,333400,0.0,0.0
2023-06-08 00:00:00-04:00,78.74151403948163,79.60659416625816,77.83711890694353,78.51541900634766,345700,0.0,0.0
2023-06-09 00:00:00-04:00,78.60388772162202,79.84252038269338,78.19101266793189,79.3215103149414,281400,0.0,0.0
2023-06-12 00:00:00-04:00,79.59677001760018,79.98015511401678,77.74864955282081,77.87644958496094,236600,0.0,0.0
2023-06-13 00:00:00-04:00,78.03371158472336,79.64589656581364,77.67981658887429,77.84693908691406,347000,0.0,0.0
2023-06-14 00:00:00-04:00,77.98458234637668,78.87914504535732,76.55425702822454,76.5788345336914,391100,0.0,0.0
2023-06-15 00:00:00-04:00,76.41170995237171,79.72455027547032,76.41170995237171,78.15168762207031,310700,0.0,0.0
2023-06-16 00:00:00-04:00,78.53509409150422,80.02931964500543,78.42695905144811,79.55745697021484,349800,0.0,0.0
2023-06-20 00:00:00-04:00,78.9381256397843,79.33133569278365,77.49502044527337,78.8103256225586,215900,0.0,0.0
2023-06-21 00:00:00-04:00,78.24999887310987,79.91133922073043,77.97966131654417,79.40015411376953,290800,0.0,0.0
2023-06-22 00:00:00-04:00,79.35100734160117,80.24557003710153,77.91576952794011,79.36083984375,366500,0.0,0.0
2023-06-23 00:00:00-04:00,78.72185746052239,82.84079061248946,78.45643241850946,81.34657287597656,671800,0.0,0.0
2023-06-26 00:00:00-04:00,81.19911889102286,82.14775658251685,79.46896604177061,80.76658630371094,455000,0.0,0.0
2023-06-27 00:00:00-04:00,80.23573394555713,82.51638662876823,80.15708893923937,81.99537658691406,569300,0.0,0.0
2023-06-28 00:00:00-04:00,82.08384562789158,84.60042580043516,81.32690807599388,83.1455307006836,290500,0.0,0.0
2023-06-29 00:00:00-04:00,83.02756479317435,85.84889254100091,82.28045222754768,85.46550750732422,422300,0.0,0.0
2023-06-30 00:00:00-04:00,86.2814181275545,87.75597813827949,86.13396812648205,87.60852813720703,739800,0.0,0.0
2023-07-03 00:00:00-04:00,87.3037860655845,87.49056607856139,85.35245093001205,86.65498352050781,367700,0.0,0.0
2023-07-05 00:00:00-04:00,86.65498521117802,87.2074502603403,85.18042507996115,86.0651626586914,488200,0.0,0.0
2023-07-06 00:00:00-04:00,85.71128103930208,86.68448877819259,84.71840829558445,85.4556884765625,481600,0.0,0.0
2023-07-07 00:00:00-04:00,85.21974956131756,86.58125471407303,84.98381453484657,85.69160461425781,456300,0.0,0.0
2023-07-10 00:00:00-04:00,86.30108591327937,89.21088352836426,86.30108591327937,88.39495849609375,508200,0.0,0.0
2023-07-11 00:00:00-04:00,88.47360315685233,90.23324571963865,87.82479313370196,89.63359069824219,322900,0.0,0.0
2023-07-12 00:00:00-04:00,91.14748960556274,91.78646724300499,90.29224192160142,90.66580200195312,380700,0.0,0.0
2023-07-13 00:00:00-04:00,90.91154819042217,91.09832070211282,87.54954547998449,89.47630310058594,398500,0.0,0.0
2023-07-14 00:00:00-04:00,89.44681882719374,91.43256407866072,88.47361120395055,90.32172393798828,629100,0.0,0.0
2023-07-17 00:00:00-04:00,90.33156131679176,92.78916176071363,89.96783375109084,91.4620590209961,275900,0.0,0.0
2023-07-18 00:00:00-04:00,91.79627995655102,92.62203752362676,91.03934239506549,91.06883239746094,310800,0.0,0.0
2023-07-19 00:00:00-04:00,91.61934517073851,91.77172270428565,90.18410735475932,91.35392761230469,249800,0.0,0.0
2023-07-20 00:00:00-04:00,92.07153625910752,92.09119376044386,90.64612366220666,91.14747619628906,231300,0.0,0.0
2023-07-21 00:00:00-04:00,92.12067969146696,92.25830469474093,89.71223463417225,90.3118896484375,162500,0.0,0.0
2023-07-24 00:00:00-04:00,90.19394282806732,90.9803780271139,88.35565486279704,89.48615264892578,245000,0.0,0.0
2023-07-25 00:00:00-04:00,89.18138901298434,90.05629400330133,88.65545901880508,89.78104400634766,393900,0.0,0.0
2023-07-26 00:00:00-04:00,87.70685319602278,92.05188934516397,87.70685319602278,91.93392181396484,434500,0.0,0.0
2023-07-27 00:00:00-04:00,92.81865545430664,93.09390551496308,91.58494268243523,91.95358276367188,350300,0.0,0.0
2023-07-28 00:00:00-04:00,92.5827148992856,93.59524498020784,91.69797732857667,92.65152740478516,214900,0.0,0.0
2023-07-31 00:00:00-04:00,93.07423603159127,93.46745356763532,92.08136344058023,92.10102844238281,300600,0.0,0.0
2023-08-01 00:00:00-04:00,92.0813636772086,92.53848122028468,91.02459857762526,91.11798858642578,193400,0.0,0.0
2023-08-02 00:00:00-04:00,90.31190377045166,91.50138148474612,89.99142871271538,90.8624038696289,221500,0.0,0.0
2023-08-03 00:00:00-04:00,90.16444943364628,91.11799963917028,89.50581429168697,90.53800201416016,188600,0.0,0.0
2023-08-04 00:00:00-04:00,90.47901283642364,90.97053289257543,88.11971506689481,88.218017578125,169400,0.0,0.0
2023-08-07 00:00:00-04:00,88.09023456171084,90.08580500485613,87.87396451368494,89.8990249633789,258300,0.0,0.0
2023-08-08 00:00:00-04:00,88.9749651461763,89.56478773000887,88.48344507631565,88.7881851196289,167500,0.0,0.0
2023-08-09 00:00:00-04:00,88.80784799452654,88.80784799452654,86.84176759615312,88.0902328491211,161000,0.0,0.0
2023-08-10 00:00:00-04:00,88.73905128019575,89.26989398227106,87.65770836856215,88.17871856689453,176000,0.0,0.0
2023-08-11 00:00:00-04:00,88.06074568794939,89.74174358286315,87.6478705909534,88.74887084960938,233100,0.0,0.0
2023-08-14 00:00:00-04:00,88.58174093974472,88.58174093974472,87.29396085339413,87.63802337646484,159600,0.0,0.0
2023-08-15 00:00:00-04:00,87.38244707357572,87.38244707357572,86.31093680290279,86.61567687988281,387500,0.0,0.0
2023-08-16 00:00:00-04:00,86.36990329231054,87.5397234046241,85.7702482347381,86.02584075927734,181300,0.0,0.0
2023-08-17 00:00:00-04:00,86.01599897263367,86.32565896893513,84.93956898549044,85.032958984375,153600,0.0,0.0
2023-08-18 00:00:00-04:00,84.3743315737942,84.94449661821704,82.68350144205782,82.85061645507812,485600,0.0,0.0
2023-08-21 00:00:00-04:00,83.27334287288791,85.09196592701144,82.59504266621391,84.54146575927734,266300,0.0,0.0
2023-08-22 00:00:00-04:00,84.41366341208625,84.70857096767672,83.59773825828329,84.31535339355469,187200,0.0,0.0
2023-08-23 00:00:00-04:00,84.43332238678344,85.95703770055184,84.19739483820048,85.90788269042969,230600,0.0,0.0
2023-08-24 00:00:00-04:00,85.51465801254803,86.64515565152315,85.2443204793147,85.39669799804688,125400,0.0,0.0
2023-08-25 00:00:00-04:00,85.66211920323366,86.44855433362876,84.9838190907679,85.88822174072266,167900,0.0,0.0
2023-08-28 00:00:00-04:00,86.03566258270914,87.90344019305141,85.5343175530913,86.94989013671875,105000,0.0,0.0
2023-08-29 00:00:00-04:00,86.51737555062473,88.6898936294437,86.50754304800508,88.33599853515625,140700,0.0,0.0
2023-08-30 00:00:00-04:00,88.21779820388045,89.88247326422201,88.15869980436023,89.0944595336914,126500,0.18,0.0
2023-08-31 00:00:00-04:00,89.06490357875192,90.15826897728465,89.06490357875192,89.7544174194336,178400,0.0,0.0
2023-09-01 00:00:00-04:00,90.05976027935067,90.78866796824786,89.18309910235219,89.53770446777344,116300,0.0,0.0
2023-09-05 00:00:00-04:00,88.81865156228614,88.81865156228614,85.59766122904703,85.74541473388672,115800,0.0,0.0
2023-09-06 00:00:00-04:00,85.42036311294116,86.61222842321638,84.3122230397245,84.78995513916016,139400,0.0,0.0
2023-09-07 00:00:00-04:00,84.2383199906013,85.77494559129244,83.17451151634292,85.2036361694336,218000,0.0,0.0
2023-09-08 00:00:00-04:00,84.9573876399507,85.3513944189729,83.64239593306927,83.80492401123047,101700,0.0,0.0
2023-09-11 00:00:00-04:00,84.38608490986186,84.84904234847157,83.73598006047206,84.2777328491211,133600,0.0,0.0
2023-09-12 00:00:00-04:00,83.74582400506783,85.64689989625535,83.74582400506783,84.88844299316406,92000,0.0,0.0
2023-09-13 00:00:00-04:00,84.80964012880126,85.6961535652458,84.26788734518027,84.88844299316406,210500,0.0,0.0
2023-09-14 00:00:00-04:00,85.26274088729035,87.56767570204484,84.73083285311624,85.84390258789062,158800,0.0,0.0
2023-09-15 00:00:00-04:00,85.8044905816961,86.03103938320203,83.74580932271198,85.57793426513672,560500,0.0,0.0
2023-09-18 00:00:00-04:00,85.73554851966541,87.22292053315181,85.72569628360075,86.10000610351562,145700,0.0,0.0
2023-09-19 00:00:00-04:00,85.9325547462901,86.56296263183862,84.50428852451245,85.16424560546875,164300,0.0,0.0
2023-09-20 00:00:00-04:00,85.87346837440528,86.93728464830667,84.6372792648148,84.78995513916016,78300,0.0,0.0
2023-09-21 00:00:00-04:00,84.03147750570292,85.11499808698323,83.73597804130756,84.5338363647461,127300,0.0,0.0
2023-09-22 00:00:00-04:00,84.42549196675964,85.45975897362176,84.27773846362857,84.67174530029297,131000,0.0,0.0
2023-09-25 00:00:00-04:00,84.47473660783095,85.63705251844091,84.47473660783095,85.03619384765625,75900,0.0,0.0
2023-09-26 00:00:00-04:00,84.7406798471953,85.22333418508535,84.10041979853483,84.14967346191406,144200,0.0,0.0
2023-09-27 00:00:00-04:00,84.58310006558773,85.326782448172,84.11029034539766,85.10515594482422,120000,0.0,0.0
2023-09-28 00:00:00-04:00,87.66617541030101,89.1633921781002,86.20343019691354,87.97152709960938,256600,0.0,0.0
2023-09-29 00:00:00-04:00,88.4541793697371,88.65117898367942,86.98650444016874,87.50856018066406,297000,0.0,0.0
2023-10-02 00:00:00-04:00,87.35098027311143,88.00108514721619,85.35140446442199,85.50900268554688,153200,0.0,0.0
2023-10-03 00:00:00-04:00,84.73082849145266,85.46958835948982,83.92804787842232,84.80963134765625,192200,0.0,0.0
2023-10-04 00:00:00-04:00,84.65203779270287,86.63092446465417,83.9329748417555,86.53340911865234,132300,0.0,0.0
2023-10-05 00:00:00-04:00,86.51371920924126,86.9963736179344,84.9869456011616,85.1543960571289,120600,0.0,0.0
2023-10-06 00:00:00-04:00,84.86874151005233,88.2177804013237,84.6372628052365,87.97152709960938,161000,0.0,0.0
2023-10-09 00:00:00-04:00,87.46918998791007,90.78868022477181,86.70087324907112,89.85292053222656,177300,0.0,0.0
2023-10-10 00:00:00-04:00,89.95141594012328,89.9809651372679,87.57753775049089,88.26704406738281,140200,0.0,0.0
2023-10-11 00:00:00-04:00,88.31629850006176,89.09445241509039,87.69376634997253,88.927001953125,94300,0.0,0.0
2023-10-12 00:00:00-04:00,89.27173295502679,89.60664131088008,86.1886447124465,86.74024963378906,192700,0.0,0.0
2023-10-13 00:00:00-04:00,86.83878381219436,87.53715794291138,85.2529116577912,85.4006576538086,166400,0.0,0.0
2023-10-16 00:00:00-04:00,86.07043912355142,86.82890339387538,84.98692625242764,85.39078521728516,154900,0.0,0.0
2023-10-17 00:00:00-04:00,84.83918696660844,86.91756548732957,84.83918696660844,85.72570037841797,321800,0.0,0.0
2023-10-18 00:00:00-04:00,84.89830316551436,84.89830316551436,82.62291721344802,82.76081848144531,183800,0.0,0.0
2023-10-19 00:00:00-04:00,82.06145021827736,83.8197024503052,81.35223948653687,82.7411117553711,210800,0.0,0.0
2023-10-20 00:00:00-04:00,82.9578241137408,83.57837980815628,81.61328301831287,82.84947204589844,176300,0.0,0.0
2023-10-23 00:00:00-04:00,82.64262017917456,83.44047857444853,81.3325506420774,81.44090270996094,287900,0.0,0.0
2023-10-24 00:00:00-04:00,82.44560492061832,93.35955338883325,82.44560492061832,92.49274444580078,1010100,0.0,0.0
2023-10-25 00:00:00-04:00,92.49275143558577,92.76855396034544,89.41950719885992,90.83792877197266,393700,0.0,0.0
2023-10-26 00:00:00-04:00,91.54713296488468,93.52700416719075,90.98567571847548,92.18738555908203,190400,0.0,0.0
2023-10-27 00:00:00-04:00,91.76384325982644,92.21694847910393,89.5475633197411,89.87261199951172,211200,0.0,0.0
2023-10-30 00:00:00-04:00,91.1629769961684,92.8473487094148,89.98095661692308,92.55184173583984,207900,0.0,0.0
2023-10-31 00:00:00-04:00,92.26619326384576,96.10774660589904,92.12829200416147,95.87134552001953,314800,0.0,0.0
2023-11-01 00:00:00-04:00,96.03878412233267,97.51630387806087,94.53663753433152,96.24563598632812,245000,0.0,0.0
2023-11-02 00:00:00-04:00,97.51631354643759,98.64908030781626,97.19618724031213,98.11717224121094,157200,0.0,0.0
2023-11-03 00:00:00-04:00,99.69318550940021,100.88505058484455,98.3289401171747,98.47177124023438,210700,0.0,0.0
2023-11-06 00:00:00-05:00,98.08761608599842,98.5801226851267,96.59039181621809,98.36341857910156,132900,0.0,0.0
2023-11-07 00:00:00-05:00,97.87092606235446,100.4221070056953,97.69362336055451,98.42253112792969,226500,0.0,0.0
2023-11-08 00:00:00-05:00,98.50131926520388,99.75228271324809,97.46705240689754,99.38783264160156,157800,0.0,0.0
2023-11-09 00:00:00-05:00,100.22509296554128,100.92445143479652,99.42723467942905,99.49618530273438,167900,0.0,0.0
2023-11-10 00:00:00-05:00,99.79170471200275,101.38742911843212,99.31890249050534,100.6388168334961,84600,0.0,0.0
2023-11-13 00:00:00-05:00,100.40240632584634,101.16086326291322,98.48163339005316,100.31375122070312,103800,0.0,0.0
2023-11-14 00:00:00-05:00,101.68291852981606,103.04223407498256,100.89490494374434,103.02252960205078,95300,0.0,0.0
2023-11-15 00:00:00-05:00,103.52490116000995,104.61826657525769,102.59899372502176,103.30819702148438,190200,0.0,0.0
2023-11-16 00:00:00-05:00,103.11119335727565,104.41141062292114,102.23453211457063,104.09620666503906,113900,0.0,0.0
2023-11-17 00:00:00-05:00,104.02726434515907,104.98765089394563,102.77629313592469,104.61827087402344,233600,0.0,0.0
2023-11-20 00:00:00-05:00,103.42640259323905,105.997288058904,103.28850132431917,105.48507690429688,238100,0.0,0.0
2023-11-21 00:00:00-05:00,105.10090692106019,106.30262424447209,103.20968335391413,105.07135772705078,235500,0.0,0.0
2023-11-22 00:00:00-05:00,105.15017721554533,106.3617469669016,104.89407163520758,105.97758483886719,143700,0.0,0.0
2023-11-24 00:00:00-05:00,106.12533122603391,107.33690089609055,105.82983174398589,107.21869659423828,68100,0.0,0.0
2023-11-27 00:00:00-05:00,106.74589698888143,108.53862094403173,105.87908045118988,108.34161376953125,233000,0.0,0.0
2023-11-28 00:00:00-05:00,108.48936394504007,108.50906841941357,102.44138290184696,102.74673461914062,331200,0.0,0.0
2023-11-29 00:00:00-05:00,103.38809167130833,103.38809167130833,101.76000891693943,102.66779327392578,240400,0.18,0.0
2023-11-30 00:00:00-05:00,103.20062914403047,104.31562311023475,102.1744510658925,104.27615356445312,240800,0.0,0.0
2023-12-01 00:00:00-05:00,104.42415030066836,106.00289430758222,103.999862143056,104.62149047851562,231900,0.0,0.0
2023-12-04 00:00:00-05:00,104.16759229207933,105.89927590386516,104.16759229207933,105.38125610351562,340800,0.0,0.0
2023-12-05 00:00:00-05:00,105.47993837525293,106.24464475526776,103.38809781516926,103.69397735595703,188300,0.0,0.0
2023-12-06 00:00:00-05:00,104.21695264745486,104.98461761933015,102.97368830781753,103.55584716796875,171100,0.0,0.0
2023-12-07 00:00:00-05:00,103.5163767614263,104.1380051168453,101.43440544769467,102.61846160888672,269300,0.0,0.0
2023-12-08 00:00:00-05:00,102.54938363904454,105.32205290503951,102.12016463214286,105.25298309326172,288500,0.0,0.0
2023-12-11 00:00:00-05:00,105.47006986451973,107.40403227030252,105.47006986451973,105.97329711914062,214600,0.0,0.0
2023-12-12 00:00:00-05:00,106.05223299655843,107.69510841899645,104.91750815510224,106.13116455078125,201700,0.0,0.0
2023-12-13 00:00:00-05:00,106.0226305727086,107.47310428876753,105.84502139261882,106.3877182006836,250800,0.0,0.0
2023-12-14 00:00:00-05:00,107.36455540173961,109.50573464064635,105.47006266755898,107.70004272460938,327100,0.0,0.0
2023-12-15 00:00:00-05:00,107.8875198060002,110.74899760497345,107.79871898277136,108.89397430419922,917400,0.0,0.0
2023-12-18 00:00:00-05:00,108.81502760237358,111.25221706541123,108.73608852411081,110.73912811279297,208000,0.0,0.0
2023-12-19 00:00:00-05:00,112.4856190886724,113.00857734135178,111.18315432666222,112.03173065185547,93900,0.0,0.0
2023-12-20 00:00:00-05:00,111.48903615816882,112.90990957433932,110.3592496765926,111.10421752929688,193000,0.0,0.0
2023-12-21 00:00:00-05:00,111.903469147707,113.4723440299636,111.00555394235569,112.51522827148438,190200,0.0,0.0
2023-12-22 00:00:00-05:00,113.04805202451502,114.76493575978527,113.04805202451502,114.46892547607422,134400,0.0,0.0
2023-12-26 00:00:00-05:00,114.54785776860524,115.95886196133148,114.39985638982456,115.40630340576172,136300,0.0,0.0
2023-12-27 00:00:00-05:00,115.6233780470193,116.48675452361651,115.24349028946381,116.30421447753906,123100,0.0,0.0
2023-12-28 00:00:00-05:00,115.36682928725837,116.75810241699219,115.36682928725837,116.75810241699219,145900,0.0,0.0
2023-12-29 00:00:00-05:00,116.42262402223585,117.12812990887684,115.68160081458403,116.57063293457031,243300,0.0,0.0
2024-01-02 00:00:00-05:00,115.31751288925696,116.01808041429221,113.467420208621,115.3668441772461,210800,0.0,0.0
2024-01-03 00:00:00-05:00,114.86359706375016,114.86359706375016,111.61730097568032,112.18959045410156,297400,0.0,0.0
2024-01-04 00:00:00-05:00,113.4525993834197,115.07574375360664,112.97897243119367,113.88674926757812,312500,0.0,0.0
2024-01-05 00:00:00-05:00,113.21578083193548,113.71900805133845,111.56796707731498,112.90003204345703,237000,0.0,0.0
2024-01-08 00:00:00-05:00,112.8408360215973,113.21085450080557,111.73373910574838,113.05791473388672,164600,0.0,0.0
2024-01-09 00:00:00-05:00,112.22906582565165,112.85070166872887,111.38542793582539,112.83096313476562,193100,0.0,0.0
2024-01-10 00:00:00-05:00,113.02831680829881,113.16645644116292,111.163424236588,111.45943450927734,361200,0.0,0.0
2024-01-11 00:00:00-05:00,111.22262395588423,111.54824202865451,110.57138781034368,111.19302368164062,132700,0.0,0.0
2024-01-12 00:00:00-05:00,111.4988990519202,113.82754922728355,111.4988990519202,112.76189422607422,208000,0.0,0.0
2024-01-16 00:00:00-05:00,111.82453510094072,113.02832992246628,110.7983494748541,111.88373565673828,179000,0.0,0.0
2024-01-17 00:00:00-05:00,110.59111874872234,112.66322061194084,110.59111874872234,112.53495025634766,508700,0.0,0.0
2024-01-18 00:00:00-05:00,113.47231975522939,115.3766815965911,112.98883110934213,114.71558380126953,137800,0.0,0.0
2024-01-19 00:00:00-05:00,115.23856161476192,117.45867259687206,114.66133366277876,116.55089569091797,246800,0.0,0.0
2024-01-22 00:00:00-05:00,117.09359283208525,118.01123906742887,116.2746166969627,117.77442932128906,271600,0.0,0.0
2024-01-23 00:00:00-05:00,118.12963349261116,118.12963349261116,115.13988540013034,115.35696411132812,166500,0.0,0.0
2024-01-24 00:00:00-05:00,115.79111472392411,115.79111472392411,110.2605760639027,110.54178619384766,309600,0.0,0.0
2024-01-25 00:00:00-05:00,111.78504936979532,113.21578446676264,110.83780297394834,112.12052917480469,250500,0.0,0.0
2024-01-26 00:00:00-05:00,112.83097410287895,113.19606173623856,110.91675016484058,111.49890899658203,335900,0.0,0.0
2024-01-29 00:00:00-05:00,109.48599333882912,112.10079193115234,109.02223566990585,112.10079193115234,461400,0.0,0.0
2024-01-30 00:00:00-05:00,116.99491215844803,121.41046461468913,113.472336449781,121.33646392822266,668100,0.0,0.0
2024-01-31 00:00:00-05:00,121.1292614695213,125.93456369858502,120.0932066309182,122.4613265991211,526700,0.0,0.0
2024-02-01 00:00:00-05:00,123.87232642654014,124.71103351336927,121.11938790799499,124.70116424560547,335300,0.0,0.0
2024-02-02 00:00:00-05:00,124.6518339624755,124.6518339624755,122.24424451590082,124.29661560058594,372300,0.0,0.0
2024-02-05 00:00:00-05:00,122.9546738399543,123.5220324940254,120.75429398223206,122.115966796875,220800,0.0,0.0
2024-02-06 00:00:00-05:00,122.67840255719005,123.57532403206521,121.65221700988926,123.17176055908203,182700,0.0,0.0
2024-02-07 00:00:00-05:00,124.08940743424249,125.35240272162682,123.4776407983957,124.2768783569336,241800,0.0,0.0
2024-02-08 00:00:00-05:00,124.27686532008946,125.59906854840011,123.96111653136593,125.19451141357422,215900,0.0,0.0
2024-02-09 00:00:00-05:00,125.57933770690644,126.13190376705359,124.67156082472631,125.02677917480469,199900,0.0,0.0
2024-02-12 00:00:00-05:00,124.64196350009186,125.31293067411445,122.94481079356144,123.14215850830078,196100,0.0,0.0
2024-02-13 00:00:00-05:00,121.50421022265166,122.42185642329561,120.22641478219865,120.51749420166016,194600,0.0,0.0
2024-02-14 00:00:00-05:00,121.83968656803978,123.78351063008058,121.3857906147431,122.52051544189453,205900,0.0,0.0
2024-02-15 00:00:00-05:00,122.61918425762731,122.94480231846683,119.8958537343651,121.36605834960938,278300,0.0,0.0
2024-02-16 00:00:00-05:00,121.21804814411425,122.02715488990147,120.3398715856883,120.37934112548828,248900,0.0,0.0
2024-02-20 00:00:00-05:00,119.91559314481705,119.91559314481705,116.97518370824801,117.55734252929688,378900,0.0,0.0
2024-02-21 00:00:00-05:00,117.88296451409377,118.86968053744363,116.90611775883026,118.84008026123047,271500,0.0,0.0
2024-02-22 00:00:00-05:00,119.8761178907697,121.66207886791526,119.57023835720098,120.65562438964844,198200,0.0,0.0
2024-02-23 00:00:00-05:00,121.29701261817223,121.29701261817223,119.42718888796158,120.29056549072266,180200,0.0,0.0
2024-02-26 00:00:00-05:00,120.32014838145938,123.61084525419886,120.32014838145938,122.94480895996094,174500,0.0,0.0
2024-02-27 00:00:00-05:00,123.11255307729799,123.38686000723251,120.4878924090779,121.71141815185547,205500,0.0,0.0
2024-02-28 00:00:00-05:00,121.63729133374895,122.01286488323007,119.67539892993221,121.98321533203125,197800,0.205,0.0
2024-02-29 00:00:00-05:00,122.44774425161955,122.58611385000125,119.89777729759525,120.14486694335938,172500,0.0,0.0
2024-03-01 00:00:00-05:00,119.66056064883132,121.17274791391908,119.66056064883132,121.07391357421875,144700,0.0,0.0
2024-03-04 00:00:00-05:00,121.69658601238187,125.36339534203816,121.07392283810802,124.44422912597656,267400,0.0,0.0
2024-03-05 00:00:00-05:00,124.58258937119592,126.18372528219658,122.37854664380963,122.79365539550781,172700,0.0,0.0
2024-03-06 00:00:00-05:00,123.76225876267297,124.78026686206518,122.85297070696123,124.36515808105469,170700,0.0,0.0
2024-03-07 00:00:00-05:00,125.48201908224199,132.44994336152706,124.56284519375674,132.41041564941406,378100,0.0,0.0
2024-03-08 00:00:00-05:00,132.41039678414987,132.43016817796786,126.47035975883941,127.0436019897461,270200,0.0,0.0
2024-03-11 00:00:00-04:00,127.93313708380118,130.0383456864151,126.33199346864689,128.09127807617188,374900,0.0,0.0
2024-03-12 00:00:00-04:00,127.83430038549879,130.35461788458665,126.7569931083825,129.7615966796875,206300,0.0,0.0
2024-03-13 00:00:00-04:00,130.04822004739313,132.14848196983587,129.9987991035753,130.09764099121094,241700,0.0,0.0
2024-03-14 00:00:00-04:00,130.01857695384007,130.97728600312595,127.20174890904657,127.6465072631836,222800,0.0,0.0
2024-03-15 00:00:00-04:00,127.10290328872613,129.64297667474264,127.10290328872613,127.666259765625,886000,0.0,0.0
2024-03-18 00:00:00-04:00,128.36799737400784,129.55897108873836,127.08312840218404,128.25927734375,168000,0.0,0.0
2024-03-19 00:00:00-04:00,128.40754525348467,130.11740137881677,128.30871844390865,129.85055541992188,98300,0.0,0.0
2024-03-20 00:00:00-04:00,129.80112171435385,132.0446996992293,129.12903010199378,131.92608642578125,126600,0.0,0.0
2024-03-21 00:00:00-04:00,132.7464336788068,134.09060190237045,132.0881865263213,133.3789825439453,150000,0.0,0.0
2024-03-22 00:00:00-04:00,133.18131636299617,133.28015825175717,130.33483887561343,131.74819946289062,173200,0.0,0.0
2024-03-25 00:00:00-04:00,131.89646479703444,133.4284237901153,131.21449488467763,132.67727661132812,131700,0.0,0.0
2024-03-26 00:00:00-04:00,132.67725514574852,132.95399432901056,130.7005380760743,132.34120178222656,114500,0.0,0.0
2024-03-27 00:00:00-04:00,133.2307534864439,134.3179389890647,131.35286294002435,133.3197021484375,106900,0.0,0.0
2024-03-28 00:00:00-04:00,133.1418064410361,134.0313232340859,132.16332590375583,133.55691528320312,124800,0.0,0.0
2024-04-01 00:00:00-04:00,133.87317539935296,134.48596801421175,132.73656899048706,133.4086456298828,223800,0.0,0.0
2024-04-02 00:00:00-04:00,132.75633803732015,133.78422437384432,131.34297735829912,133.62608337402344,187700,0.0,0.0
2024-04-03 00:00:00-04:00,133.41851360569044,136.80857587592504,133.41851360569044,136.41323852539062,138900,0.0,0.0
2024-04-04 00:00:00-04:00,137.30277681237126,137.7178856204075,133.8336435073258,133.92259216308594,177200,0.0,0.0
2024-04-05 00:00:00-04:00,134.0708447931928,137.396677078497,134.0708447931928,136.39349365234375,207400,0.0,0.0
2024-04-08 00:00:00-04:00,136.91732089142715,137.41150021033974,135.53362483093431,136.15628051757812,131500,0.0,0.0
2024-04-09 00:00:00-04:00,136.16619465191545,136.68013036402064,133.97696847149624,135.5336456298828,141500,0.0,0.0
2024-04-10 00:00:00-04:00,133.04295196971788,135.25688066660263,132.40052491111544,133.6853790283203,181600,0.0,0.0
2024-04-11 00:00:00-04:00,133.76447284600604,135.3260815185754,132.54879577678005,135.2173614501953,121500,0.0,0.0
2024-04-12 00:00:00-04:00,133.82375180485198,135.60280034624682,132.38570327676172,133.28016662597656,129000,0.0,0.0
2024-04-15 00:00:00-04:00,134.7231566447969,135.1580368362677,129.50462450945756,129.6627655029297,232200,0.0,0.0
2024-04-16 00:00:00-04:00,129.01042805814316,131.4714460428547,127.5674331577959,130.22610473632812,150800,0.0,0.0
2024-04-17 00:00:00-04:00,131.00695390270226,131.00695390270226,128.56570661028297,128.61512756347656,152500,0.0,0.0
2024-04-18 00:00:00-04:00,128.98079136733918,130.00867762835165,127.8540632184109,127.88371276855469,160800,0.0,0.0
2024-04-19 00:00:00-04:00,127.92322005514191,129.42552904095677,127.00405398509781,127.97264099121094,314800,0.0,0.0
2024-04-22 00:00:00-04:00,128.53603801982194,130.38426376253133,127.20174788697653,129.20811462402344,265000,0.0,0.0
2024-04-23 00:00:00-04:00,134.21912148005123,137.91656891540774,132.10403435492807,136.50222778320312,424300,0.0,0.0
2024-04-24 00:00:00-04:00,138.35040791379535,141.9974529098899,138.35040791379535,140.4753875732422,496600,0.0,0.0
2024-04-25 00:00:00-04:00,138.6073972412924,144.10266792068626,137.67141561723173,142.30384826660156,400800,0.0,0.0
2024-04-26 00:00:00-04:00,142.18526977630762,144.58204241400873,141.92335534875403,142.66957092285156,276400,0.0,0.0
2024-04-29 00:00:00-04:00,142.76839718751557,143.67768529253945,140.5544835687289,142.5904998779297,300300,0.0,0.0
2024-04-30 00:00:00-04:00,141.69110411965568,143.59862917552923,138.291147771846,138.38009643554688,232800,0.0,0.0
2024-05-01 00:00:00-04:00,138.70625527984194,140.6434449527653,136.0278116687331,137.87603759765625,391000,0.0,0.0
2024-05-02 00:00:00-04:00,139.38821891955754,139.94169734944705,136.52198487284858,139.83297729492188,232300,0.0,0.0
2024-05-03 00:00:00-04:00,141.29575139218736,142.5173551354864,140.1690231970117,141.28585815429688,181800,0.0,0.0
2024-05-06 00:00:00-04:00,142.62014019655314,144.57708588108588,142.01724088450587,142.92652893066406,160200,0.0,0.0
2024-05-07 00:00:00-04:00,142.9561787210993,144.8142976035522,142.17538210966794,143.539306640625,279400,0.0,0.0
2024-05-08 00:00:00-04:00,143.05501119819374,144.97241397283133,142.08640903360322,142.99569702148438,171000,0.0,0.0
2024-05-09 00:00:00-04:00,142.65967713793904,143.16374967740992,141.76026718972926,142.5904998779297,297800,0.0,0.0
2024-05-10 00:00:00-04:00,142.94631486152605,143.71723339386875,141.77016566749765,142.2346954345703,246400,0.0,0.0
2024-05-13 00:00:00-04:00,142.07656150435625,143.17364025208832,139.29927600202137,140.70274353027344,229500,0.0,0.0
2024-05-14 00:00:00-04:00,141.305607297869,143.820977716588,140.2431249916667,143.6183624267578,231700,0.0,0.0
2024-05-15 00:00:00-04:00,144.79451549416777,148.2685949043141,142.17537158765612,147.87818908691406,329200,0.0,0.0
2024-05-16 00:00:00-04:00,147.13691601793704,147.13691601793704,143.7369605740999,143.88522338867188,142300,0.0,0.0
2024-05-17 00:00:00-04:00,143.7073461411356,143.8061880416681,141.7504001760759,143.7172393798828,161900,0.0,0.0
2024-05-20 00:00:00-04:00,143.9346539604933,145.61486040336223,143.49977380515347,145.3084716796875,134600,0.0,0.0
2024-05-21 00:00:00-04:00,144.52765851637494,146.77618314142944,144.52765851637494,146.21775817871094,91600,0.0,0.0
2024-05-22 00:00:00-04:00,145.47649204446887,146.76136112850952,143.50472163560693,144.93289184570312,95800,0.0,0.0
2024-05-23 00:00:00-04:00,145.74334008667014,145.9706583018541,143.40092036262163,144.44857788085938,106600,0.0,0.0
2024-05-24 00:00:00-04:00,145.0910491048892,146.13870683396135,143.95442763792627,145.35791015625,175900,0.0,0.0
2024-05-28 00:00:00-04:00,145.78291223491541,146.06952963004093,142.83760745113068,143.5986328125,134300,0.0,0.0
2024-05-29 00:00:00-04:00,143.1242293982057,143.3120199752965,141.2364605500877,141.93820190429688,135700,0.0,0.0
2024-05-30 00:00:00-04:00,142.6300061075395,145.97066250858558,142.44221558826368,145.8817138671875,198100,0.0,0.0
2024-05-31 00:00:00-04:00,146.48050957886133,147.79685651098097,144.7237392379397,147.54942321777344,276200,0.205,0.0
2024-06-03 00:00:00-04:00,148.45999697543388,148.45999697543388,143.04615454422583,144.40208435058594,171700,0.0,0.0
2024-06-04 00:00:00-04:00,142.99664757922923,145.52047024327342,141.08646976465045,141.60113525390625,192900,0.0,0.0
2024-06-05 00:00:00-04:00,142.02670313944947,147.26238471477535,142.02670313944947,145.8173828125,176900,0.0,0.0
2024-06-06 00:00:00-04:00,145.51058743174994,146.8071355799317,141.00729809943184,141.1062774658203,149200,0.0,0.0
2024-06-07 00:00:00-04:00,139.81963663556638,141.70012398731788,139.30794617754393,140.5223388671875,152000,0.0,0.0
2024-06-10 00:00:00-04:00,139.71074559343168,141.8188670921453,139.3742399216166,141.00729370117188,296400,0.0,0.0
2024-06-11 00:00:00-04:00,140.1758974009768,142.66012193205952,138.91893219263278,140.70045471191406,302000,0.0,0.0
2024-06-12 00:00:00-04:00,142.7492315298486,145.81741084152696,142.2642718717599,144.40208435058594,153700,0.0,0.0
2024-06-13 00:00:00-04:00,144.29319517501793,144.29319517501793,141.97722313412893,143.6795654296875,108200,0.0,0.0
2024-06-14 00:00:00-04:00,141.383400605949,141.383400605949,136.60298720286784,138.26573181152344,317300,0.0,0.0
2024-06-17 00:00:00-04:00,136.5139014779692,141.225041466979,134.81157416254513,140.04725646972656,232700,0.0,0.0
2024-06-18 00:00:00-04:00,139.8097075018821,143.3826449862485,139.8097075018821,141.9970245361328,132300,0.0,0.0
2024-06-20 00:00:00-04:00,141.34379275374494,143.39254768151577,140.22045103332346,141.20523071289062,137600,0.0,0.0
2024-06-21 00:00:00-04:00,141.64072618604084,143.37275937567412,140.22046138688245,143.18470764160156,417900,0.0,0.0
2024-06-24 00:00:00-04:00,143.8874214780502,145.5996557334025,142.38302274332514,145.1245880126953,117100,0.0,0.0
2024-06-25 00:00:00-04:00,144.69897390292851,144.69897390292851,140.7004588873291,142.87786865234375,198700,0.0,0.0
2024-06-26 00:00:00-04:00,142.4226094036213,142.57107845320198,139.45340963757945,141.907958984375,283000,0.0,0.0
2024-06-27 00:00:00-04:00,142.37310668801578,143.50140177206254,140.93798166965445,143.21437072753906,228900,0.0,0.0
2024-06-28 00:00:00-04:00,143.43211928473133,144.94344970493665,141.98711741345525,143.4915008544922,301900,0.0,0.0
2024-07-01 00:00:00-04:00,144.36250103134844,145.23347117580897,140.33427921535025,141.56155395507812,295200,0.0,0.0
2024-07-02 00:00:00-04:00,141.20524955108405,142.2444725471991,139.5029070494044,141.67042541503906,325100,0.0,0.0
2024-07-03 00:00:00-04:00,142.03661883405624,144.35260620738885,140.41345684456508,143.13522338867188,79800,0.0,0.0
2024-07-05 00:00:00-04:00,143.51133224700095,143.81814716167068,139.2950737156842,141.37350463867188,182700,0.0,0.0
2024-07-08 00:00:00-04:00,142.5215969065923,143.1253348309069,140.88358948364888,140.9776153564453,222800,0.0,0.0
2024-07-09 00:00:00-04:00,140.83905300565596,141.66053346504978,138.72102432675885,139.15650939941406,172900,0.0,0.0
2024-07-10 00:00:00-04:00,139.81962405784026,142.00692613949172,139.39403089626896,140.44314575195312,317000,0.0,0.0
2024-07-11 00:00:00-04:00,142.29393066414863,145.76788837538814,140.96767684512707,144.80784606933594,456400,0.0,0.0
2024-07-12 00:00:00-04:00,145.53038024902344,148.44019861659038,145.23347233570593,145.53038024902344,286800,0.0,0.0
2024-07-15 00:00:00-04:00,146.14401017839091,151.60732665266565,146.14401017839091,151.03329467773438,312500,0.0,0.0
2024-07-16 00:00:00-04:00,151.78548479620565,155.33862337467897,151.42918023861782,153.9530029296875,244400,0.0,0.0
2024-07-17 00:00:00-04:00,152.0527389476335,153.7352826172768,150.558231928148,150.65721130371094,344300,0.0,0.0
2024-07-18 00:00:00-04:00,150.69679331236946,153.29979683617378,148.71732662710562,149.4200439453125,137700,0.0,0.0
2024-07-19 00:00:00-04:00,149.46952098641597,149.53879446143026,147.21293036431345,149.34085083007812,158200,0.0,0.0
2024-07-22 00:00:00-04:00,149.7268376876376,152.50798557072315,148.38575342665303,152.34962463378906,119500,0.0,0.0
2024-07-23 00:00:00-04:00,152.13189949895497,155.34357895689382,151.17679546649802,155.15057373046875,154400,0.0,0.0
2024-07-24 00:00:00-04:00,153.90350774184708,155.75430393474278,149.5783786270567,150.21180725097656,309200,0.0,0.0
2024-07-25 00:00:00-04:00,151.2906205640859,156.16505969142682,150.63739301458702,153.76495361328125,272800,0.0,0.0
2024-07-26 00:00:00-04:00,156.3877357139613,158.74330553581274,155.2099659051655,157.23890686035156,254100,0.0,0.0
2024-07-29 00:00:00-04:00,156.3778773251626,160.6139350723824,156.09086128387145,157.4863739013672,583200,0.0,0.0
2024-07-30 00:00:00-04:00,157.49625198576675,157.92183002095092,148.60843680484453,149.8654022216797,637200,0.0,0.0
2024-07-31 00:00:00-04:00,152.88410028471984,160.20812048304947,152.58717728162404,158.77301025390625,274400,0.0,0.0
2024-08-01 00:00:00-04:00,158.64434277886943,160.66836065151196,151.43414722203661,153.08204650878906,261300,0.0,0.0
2024-08-02 00:00:00-04:00,148.51936987509575,148.81133937315573,144.23382306735874,144.31300354003906,296000,0.0,0.0
2024-08-05 00:00:00-04:00,137.0285745590038,141.92775145203484,134.64331364329368,138.899169921875,388500,0.0,0.0
2024-08-06 00:00:00-04:00,140.35405889580528,145.05033797064888,139.7849653415575,143.06593322753906,201000,0.0,0.0
2024-08-07 00:00:00-04:00,145.96586633262433,146.30238714026106,139.5919813124436,140.3540802001953,251600,0.0,0.0
2024-08-08 00:00:00-04:00,142.7195305882826,145.84709125997512,141.87826639319906,144.02598571777344,245400,0.0,0.0
2024-08-09 00:00:00-04:00,144.51092784292084,145.93120756012036,142.92736390750278,144.32289123535156,136300,0.0,0.0
2024-08-12 00:00:00-04:00,144.12495041510988,144.12495041510988,142.35333455013432,143.5509033203125,173500,0.0,0.0
2024-08-13 00:00:00-04:00,144.36248987943267,149.469516983039,143.55090137985613,149.45960998535156,244800,0.0,0.0
2024-08-14 00:00:00-04:00,150.18212588103,150.3107809315875,146.5201008453004,147.74737548828125,163600,0.0,0.0
2024-08-15 00:00:00-04:00,150.5779899141433,152.41889404369118,147.86315582595262,149.5882568359375,144400,0.0,0.0
2024-08-16 00:00:00-04:00,149.40021843841407,150.34541542452317,146.84670505700444,147.80674743652344,134800,0.0,0.0
2024-08-19 00:00:00-04:00,148.0146124892796,148.46988133302685,147.0248792263652,148.06410217285156,98400,0.0,0.0
2024-08-20 00:00:00-04:00,147.77705574181036,147.9156177801613,144.9860160829896,146.569580078125,127500,0.0,0.0
2024-08-21 00:00:00-04:00,147.3118576019211,149.46948341709137,146.09449022806774,149.32101440429688,98800,0.0,0.0
2024-08-22 00:00:00-04:00,149.55858350926403,150.70667763850693,148.5836957093506,149.29135131835938,102700,0.0,0.0
2024-08-23 00:00:00-04:00,150.10295922860917,153.6264074383434,150.10295922860917,153.28990173339844,209000,0.0,0.0
2024-08-26 00:00:00-04:00,153.5669933576234,154.57651025882498,151.5776201361669,152.31002807617188,128000,0.0,0.0
2024-08-27 00:00:00-04:00,151.14213961086494,152.98304367455734,150.48891217810655,151.82504272460938,97400,0.0,0.0
2024-08-28 00:00:00-04:00,151.62712543637866,153.47793681688623,151.597434648115,153.3294677734375,164600,0.0,0.0
2024-08-29 00:00:00-04:00,154.1014671389666,156.98654807859188,153.28989371056744,154.3291015625,162900,0.0,0.0
2024-08-30 00:00:00-04:00,154.86924004227637,157.1486264567005,153.4718752912844,156.9603271484375,144100,0.205,0.0
2024-09-03 00:00:00-04:00,155.18634609914315,156.49452106727838,148.91308549542882,149.54734802246094,340300,0.0,0.0
2024-09-04 00:00:00-04:00,148.79416795089017,150.61767084979851,147.58510263004598,149.53744506835938,132700,0.0,0.0
2024-09-05 00:00:00-04:00,149.05182746367453,149.35212036240972,146.9310107566088,147.6643829345703,127600,0.0,0.0
2024-09-06 00:00:00-04:00,146.88145193900914,148.6950345082495,140.80143641229313,140.9649658203125,271000,0.0,0.0
2024-09-09 00:00:00-04:00,140.7370549965102,143.28402546423035,139.92441312007156,142.976806640625,148800,0.0,0.0
2024-09-10 00:00:00-04:00,143.79932981009804,144.57728157824357,142.1096116135616,143.49209594726562,104200,0.0,0.0
2024-09-11 00:00:00-04:00,142.89750597160744,146.8616506016674,140.23161628837028,146.69317626953125,141200,0.0,0.0
2024-09-12 00:00:00-04:00,147.27786750883814,149.24011464719294,145.80121835529275,148.595947265625,166200,0.0,0.0
2024-09-13 00:00:00-04:00,149.6464676631312,152.81778050973546,149.42347846714605,151.54925537109375,215900,0.0,0.0
2024-09-16 00:00:00-04:00,151.95558581581506,153.19438109398283,150.84563008562077,151.5393524169922,168800,0.0,0.0
2024-09-17 00:00:00-04:00,152.12406033796734,153.82368383232998,151.11319915562967,151.2222137451172,237100,0.0,0.0
2024-09-18 00:00:00-04:00,151.2519213744163,154.09620520103843,149.29957909113614,153.23399353027344,399700,0.0,0.0
2024-09-19 00:00:00-04:00,157.23781142486231,158.22884765198685,152.46100955155595,153.0358123779297,547500,0.0,0.0
2024-09-20 00:00:00-04:00,152.1141401445122,152.42135892348662,150.16179777011413,151.06362915039062,736100,0.0,0.0
2024-09-23 00:00:00-04:00,152.32224734891815,152.32224734891815,149.69600770163083,151.23211669921875,242400,0.0,0.0
2024-09-24 00:00:00-04:00,151.68797038182723,156.75712505401995,151.59878076955638,156.4449462890625,239800,0.0,0.0
2024-09-25 00:00:00-04:00,156.58370818546746,157.3765401120746,155.49356239613124,155.9593505859375,147600,0.0,0.0
2024-09-26 00:00:00-04:00,156.58370358596463,158.08016265099522,156.58370358596463,157.1684112548828,197200,0.0,0.0
2024-09-27 00:00:00-04:00,157.6341982477159,158.48648989103353,154.601630228147,155.98907470703125,156200,0.0,0.0
2024-09-30 00:00:00-04:00,155.59268094843574,157.02968039139148,154.4579402831516,156.8612060546875,143200,0.0,0.0
2024-10-01 00:00:00-04:00,156.58368459290523,156.58368459290523,153.16461349170243,153.63040161132812,110800,0.0,0.0
2024-10-02 00:00:00-04:00,153.11507669636123,155.62239680725924,152.77812805330228,155.19625854492188,108900,0.0,0.0
2024-10-03 00:00:00-04:00,155.73142510916398,155.73142510916398,153.610608283549,154.73048400878906,107100,0.0,0.0
2024-10-04 00:00:00-04:00,157.28734171386125,157.7828597500914,155.61248833188165,157.7432098388672,185900,0.0,0.0
2024-10-07 00:00:00-04:00,156.71253591553932,158.00087068695953,155.51337563760546,156.653076171875,125500,0.0,0.0
2024-10-08 00:00:00-04:00,157.72340753305434,157.72340753305434,155.08726269447538,155.4935760498047,150500,0.0,0.0
2024-10-09 00:00:00-04:00,154.8692206342441,156.53415407800244,154.8692206342441,155.00796508789062,162100,0.0,0.0
2024-10-10 00:00:00-04:00,153.4024714334527,154.59172685236481,151.43031927037802,153.68988037109375,175400,0.0,0.0
2024-10-11 00:00:00-04:00,154.05657709664305,157.3666344361879,154.05657709664305,157.3071746826172,182000,0.0,0.0
2024-10-14 00:00:00-04:00,157.35671049855904,158.0801626162481,155.88006126797816,157.24769592285156,201900,0.0,0.0
2024-10-15 00:00:00-04:00,156.55399043195874,160.88977382657237,156.03864737146404,157.7135009765625,397300,0.0,0.0
2024-10-16 00:00:00-04:00,159.32889695308234,161.92540700440074,158.76399905042982,159.99288940429688,199600,0.0,0.0
2024-10-17 00:00:00-04:00,160.94425342409215,162.0145742056714,160.30008602057256,161.76681518554688,183200,0.0,0.0
2024-10-18 00:00:00-04:00,161.20196569439844,161.43980472463156,157.30620230129614,158.35768127441406,153500,0.0,0.0
2024-10-21 00:00:00-04:00,158.63517299597078,159.0216765120223,156.83147983972208,157.07923889160156,121500,0.0,0.0
2024-10-22 00:00:00-04:00,155.1566176182861,155.32509194957234,147.4364526438764,147.64456176757812,338500,0.0,0.0
2024-10-23 00:00:00-04:00,147.4463669321397,151.4253767324866,147.4463669321397,150.43930053710938,334400,0.0,0.0
2024-10-24 00:00:00-04:00,150.4392861330185,150.75640982816796,147.53554243618507,149.17076110839844,197600,0.0,0.0
2024-10-25 00:00:00-04:00,150.55821043587545,150.80596947393911,147.62475189352838,147.72384643554688,254800,0.0,0.0
2024-10-28 00:00:00-04:00,149.41852831103864,151.3312208698661,149.05183464338893,151.0240020751953,432100,0.0,0.0
2024-10-29 00:00:00-04:00,153.61062305314505,159.8442345865835,148.09054372744296,157.41619873046875,499700,0.0,0.0
2024-10-30 00:00:00-04:00,155.9989995390059,160.67669124297868,154.30432111729084,160.230712890625,435200,0.0,0.0
2024-10-31 00:00:00-04:00,158.94238104813874,159.88386235718602,155.71655357185475,155.8701629638672,282400,0.0,0.0
2024-11-01 00:00:00-04:00,155.48363846366587,157.85221391445396,154.94848567380984,156.05844116210938,187000,0.0,0.0
2024-11-04 00:00:00-05:00,154.9881451554766,159.50726764590564,154.9881451554766,158.6946258544922,234100,0.0,0.0
2024-11-05 00:00:00-05:00,158.14956507414416,167.5247594409773,157.1981636295754,167.4752197265625,326700,0.0,0.0
2024-11-06 00:00:00-05:00,174.09532846062723,175.64630254224744,170.01226413171932,172.6385040283203,355100,0.0,0.0
2024-11-07 00:00:00-05:00,172.5393963413815,173.1191440093054,170.12126576382474,172.3114471435547,300200,0.0,0.0
2024-11-08 00:00:00-05:00,172.31145143204114,175.423304353883,171.60782423031262,174.42236328125,193700,0.0,0.0
2024-11-11 00:00:00-05:00,176.7216010366892,179.2497295678953,174.14986061733734,177.12791442871094,166600,0.0,0.0
2024-11-12 00:00:00-05:00,177.05851468181837,178.21306509393568,173.63944313367355,175.41339111328125,181700,0.0,0.0
2024-11-13 00:00:00-05:00,176.3053355767994,177.80180993085511,174.19443873406502,174.37281799316406,177000,0.0,0.0
2024-11-14 00:00:00-05:00,174.37281187861993,175.20527863591587,170.9240102255283,172.35110473632812,211600,0.0,0.0
2024-11-15 00:00:00-05:00,172.14298265537795,173.53538728833482,171.19159638419646,171.9447784423828,121400,0.0,0.0
2024-11-18 00:00:00-05:00,170.0023368541642,172.1033438040125,168.99149085511746,169.67530822753906,240800,0.0,0.0
2024-11-19 00:00:00-05:00,168.4761320427985,177.75719029013877,168.4761320427985,176.79092407226562,601800,0.0,0.0
2024-11-20 00:00:00-05:00,175.3638218609014,177.56392304944362,172.509648387611,177.3855438232422,127500,0.0,0.0
2024-11-21 00:00:00-05:00,177.38556946344045,181.5974731847821,176.20623400194287,181.5181884765625,263900,0.0,0.0
2024-11-22 00:00:00-05:00,182.94526682337894,183.88674807706917,180.55686623598848,182.70741271972656,285600,0.0,0.0
2024-11-25 00:00:00-05:00,183.47053741453513,186.83014954357628,180.90374215164138,183.14349365234375,436200,0.0,0.0
2024-11-26 00:00:00-05:00,183.04436865975438,184.3228137251167,180.1158551053909,183.3020477294922,232000,0.0,0.0
2024-11-27 00:00:00-05:00,184.07505695830002,185.74693140791712,178.89986614599158,179.97216796875,152100,0.0,0.0
2024-11-29 00:00:00-05:00,180.23507544179105,181.76298912950773,180.17554849980343,180.6517791748047,111100,0.205,0.0
2024-12-02 00:00:00-05:00,181.1875551140486,183.11234050815685,179.13379971229202,179.81838989257812,191600,0.0,0.0
2024-12-03 00:00:00-05:00,177.5959437416134,179.08417790704593,175.20484388243432,177.3677520751953,273200,0.0,0.0
2024-12-04 00:00:00-05:00,176.60380172428438,178.01762732208852,175.73069943304495,176.44505310058594,145000,0.0,0.0
2024-12-05 00:00:00-05:00,176.1970222694862,178.04243347350373,174.40122190507563,174.7881622314453,154600,0.0,0.0
2024-12-06 00:00:00-05:00,175.02626698882642,176.92128883551433,174.17301210920942,174.986572265625,187000,0.0,0.0
2024-12-09 00:00:00-05:00,176.06803346836574,177.08995307100625,168.4085869346225,168.98403930664062,363700,0.0,0.0
2024-12-10 00:00:00-05:00,169.2717327920659,172.68475179436726,168.0166560796771,168.02162170410156,280900,0.0,0.0
2024-12-11 00:00:00-05:00,169.8571316360646,172.40698023511246,167.67935673627576,168.72607421875,499800,0.0,0.0
2024-12-12 00:00:00-05:00,167.7636779918489,168.42842078861057,164.55901790026616,164.826904296875,441100,0.0,0.0
2024-12-13 00:00:00-05:00,165.77936098424334,167.38666417894893,162.3762727896528,163.67599487304688,179500,0.0,0.0
2024-12-16 00:00:00-05:00,163.1204071044922,164.20185374653798,161.80083752053164,163.1204071044922,235900,0.0,0.0
2024-12-17 00:00:00-05:00,161.90995034340725,161.90995034340725,157.8302050967979,158.4175567626953,248700,0.0,0.0
2024-12-18 00:00:00-05:00,159.4394829926334,159.4394829926334,151.71554408439403,152.16697692871094,277400,0.0,0.0
2024-12-19 00:00:00-05:00,154.04215436735836,156.0661613382832,151.05576988409402,151.3335723876953,269400,0.0,0.0
2024-12-20 00:00:00-05:00,149.82548778477798,152.99046817815642,149.29964626089196,151.60145568847656,894000,0.0,0.0
2024-12-23 00:00:00-05:00,150.4406404393086,152.90614905419181,149.82549333756563,151.83956909179688,195400,0.0,0.0
2024-12-24 00:00:00-05:00,151.4824060651127,154.65731811523438,151.0557861526004,154.65731811523438,126700,0.0,0.0
2024-12-26 00:00:00-05:00,153.98263769480747,155.69906366494487,152.9706341418313,155.1930694580078,201800,0.0,0.0
2024-12-27 00:00:00-05:00,153.95284581884013,155.73872965960035,151.51710100449898,152.7324981689453,150300,0.0,0.0
2024-12-30 00:00:00-05:00,151.30381232100825,152.2066780475868,148.90279626349164,150.99624633789062,135000,0.0,0.0
2024-12-31 00:00:00-05:00,152.43486685865548,153.6849781295171,149.83542264851894,150.5596923828125,231300,0.0,0.0
2025-01-02 00:00:00-05:00,150.94661997682292,152.6729769440104,148.70435276674246,149.79571533203125,209000,0.0,0.0
2025-01-03 00:00:00-05:00,150.1429940779126,154.3001308263072,148.64484372071738,153.90325927734375,226200,0.0,0.0
2025-01-06 00:00:00-05:00,153.9429665686559,155.32404636576712,150.84742879044873,152.26622009277344,196700,0.0,0.0
2025-01-07 00:00:00-05:00,152.65314447091987,152.78212961377164,150.11322717203143,151.20458984375,267900,0.0,0.0
2025-01-08 00:00:00-05:00,149.57745010371167,152.59361316427936,148.16859024034022,152.4547119140625,178300,0.0,0.0
2025-01-10 00:00:00-05:00,148.17852435953873,150.29180662596303,147.9701649106287,149.1508331298828,165400,0.0,0.0
2025-01-13 00:00:00-05:00,146.9482517462735,150.6787535157571,145.63463188328592,150.38111877441406,165000,0.0,0.0
2025-01-14 00:00:00-05:00,151.50222980657333,153.51135494432063,148.99207614493767,149.67666625976562,275300,0.0,0.0
2025-01-15 00:00:00-05:00,153.1789712892749,154.64735799795542,151.3037969684755,153.53614807128906,194800,0.0,0.0
2025-01-16 00:00:00-05:00,154.21080449591832,155.55022119223,153.08372881032693,154.23065185546875,126600,0.0,0.0
2025-01-17 00:00:00-05:00,155.57007983821677,157.82227842894812,153.3079651365406,154.77635192871094,363400,0.0,0.0
2025-01-21 00:00:00-05:00,157.0087152890975,161.6222354647004,156.29436162926066,161.18569946289062,286700,0.0,0.0
2025-01-22 00:00:00-05:00,161.35437497333265,163.01127408583622,159.89590408201403,160.60032653808594,176700,0.0,0.0
2025-01-23 00:00:00-05:00,159.7371345585198,162.7334502655844,159.7371345585198,161.6321563720703,242500,0.0,0.0
2025-01-24 00:00:00-05:00,162.16790945403602,164.37049717914218,159.04262383443702,160.4117889404297,490400,0.0,0.0
2025-01-27 00:00:00-05:00,158.54656664011537,159.29961587394493,153.52625860005506,155.21292114257812,522700,0.0,0.0
2025-01-28 00:00:00-05:00,163.25929650794905,176.2962276333415,162.1778499444732,174.43096923828125,739700,0.0,0.0
2025-01-29 00:00:00-05:00,173.9547454508894,175.61164446046254,169.4404317886334,169.45034790039062,401700,0.0,0.0
2025-01-30 00:00:00-05:00,173.46858265722827,175.44297890299424,169.10011912335614,170.29368591308594,296600,0.0,0.0
2025-01-31 00:00:00-05:00,171.0774742071344,171.0774742071344,168.18038012459903,168.98403930664062,344300,0.0,0.0
2025-02-03 00:00:00-05:00,166.2060111712389,170.28377376636672,164.71777686847844,167.98196411132812,228600,0.0,0.0
2025-02-04 00:00:00-05:00,167.31720590334382,170.1646890965484,166.61674998705362,169.8868865966797,172100,0.0,0.0
2025-02-05 00:00:00-05:00,171.40487075624537,172.9526468840746,169.34516597477273,171.87118530273438,202700,0.0,0.0
2025-02-06 00:00:00-05:00,172.46652813410861,172.694719839778,169.23210410829114,171.43467712402344,188200,0.0,0.0
2025-02-07 00:00:00-05:00,171.86128165713322,172.1390841553048,169.98907448866544,170.79966735839844,329700,0.0,0.0
2025-02-10 00:00:00-05:00,172.5855663791782,172.5855663791782,170.0555650645636,172.13909912109375,152000,0.0,0.0
2025-02-11 00:00:00-05:00,170.20439639248272,171.9109062400855,168.0117245646448,170.65086364746094,316800,0.0,0.0
2025-02-12 00:00:00-05:00,168.27961559430523,170.52188318163513,167.77362137664872,168.76577758789062,190400,0.0,0.0
2025-02-13 00:00:00-05:00,169.04356777457642,169.3114390319016,166.55821180235063,167.29736328125,135500,0.0,0.0
2025-02-14 00:00:00-05:00,168.66656392706355,170.92867898507473,167.16841342696495,170.14488220214844,221000,0.0,0.0
2025-02-18 00:00:00-05:00,171.18661270027087,172.00515362210714,168.17046471409574,171.24615478515625,201100,0.0,0.0
2025-02-19 00:00:00-05:00,170.3531996650127,172.3077483968448,169.7777473092301,172.2085418701172,250900,0.0,0.0
2025-02-20 00:00:00-05:00,172.13911295632232,172.13911295632232,167.63968063557775,170.15480041503906,163500,0.0,0.0
2025-02-21 00:00:00-05:00,171.5537302822038,171.5537302822038,163.28906741071617,163.73553466796875,494500,0.0,0.0
2025-02-24 00:00:00-05:00,164.21175621361826,165.162249540778,160.5407815473072,160.7987518310547,197600,0.0,0.0
2025-02-25 00:00:00-05:00,160.95748506950636,162.28598661154462,158.73506502265647,160.23321533203125,278000,0.0,0.0
2025-02-26 00:00:00-05:00,160.64000853993392,163.8446687185517,160.64000853993392,161.74130249023438,207100,0.0,0.0
2025-02-27 00:00:00-05:00,161.68176858020996,162.47548136789334,159.11207271409663,159.3799591064453,141600,0.0,0.0
2025-02-28 00:00:00-05:00,158.6943984092694,162.11231171876807,156.21045154606497,161.9434051513672,285900,0.23,0.0
2025-03-03 00:00:00-05:00,163.58278623307328,163.58278623307328,154.56606313204395,155.78318786621094,284900,0.0,0.0
2025-03-04 00:00:00-05:00,152.85214834708464,153.76623896035932,148.90763957192706,151.15313720703125,270700,0.0,0.0
2025-03-05 00:00:00-05:00,152.3951071338285,153.9252116738883,150.8550571037684,153.5277862548828,161500,0.0,0.0
2025-03-06 00:00:00-05:00,150.03038460926768,153.77120783100685,149.5236649270875,150.61659240722656,240400,0.0,0.0
2025-03-07 00:00:00-05:00,150.42780791115493,154.133867348261,148.6741421261294,153.09060668945312,372400,0.0,0.0
2025-03-10 00:00:00-04:00,149.3547550648123,154.8492439747894,148.92750834704736,152.5143280029297,614200,0.0,0.0
2025-03-11 00:00:00-04:00,152.0175360073799,156.64264348807316,150.38806760039975,154.22328186035156,388700,0.0,0.0
2025-03-12 00:00:00-04:00,156.49855876349432,160.58216738814693,153.20981604559572,153.3290557861328,289300,0.0,0.0
2025-03-13 00:00:00-04:00,152.60374867028847,154.09411671809968,148.45059698757564,149.80186462402344,300300,0.0,0.0
2025-03-14 00:00:00-04:00,151.5903112738627,155.10757324142554,150.78549978255862,154.29283142089844,273100,0.0,0.0
2025-03-17 00:00:00-04:00,152.43484866156626,154.5809823812362,151.63998263641352,153.44830322265625,440900,0.0,0.0
2025-03-18 00:00:00-04:00,152.66335049812403,152.66335049812403,149.43919269390278,150.6761932373047,307000,0.0,0.0
2025-03-19 00:00:00-04:00,150.9544014400545,154.32264771661391,150.5072940666163,153.89540100097656,358200,0.0,0.0
2025-03-20 00:00:00-04:00,151.70951840322644,153.92519442953358,151.5505421891113,152.18643188476562,247400,0.0,0.0
2025-03-21 00:00:00-04:00,150.59674297423368,151.94799556076867,149.44418795074426,151.74928283691406,1787900,0.0,0.0
2025-03-24 00:00:00-04:00,154.51141712103973,158.43606508781062,154.51141712103973,157.67100524902344,252700,0.0,0.0
2025-03-25 00:00:00-04:00,158.3466224500251,160.00589695370925,157.31330733880395,159.36007690429688,225500,0.0,0.0
2025-03-26 00:00:00-04:00,160.40333775224389,160.4331438985208,154.6753575103278,155.0678253173828,290100,0.0,0.0
2025-03-27 00:00:00-04:00,154.9088592529297,156.37935148862454,152.31561823117175,154.9088592529297,335100,0.0,0.0
2025-03-28 00:00:00-04:00,155.0379983043611,155.82293388958274,149.6180403747911,151.0438232421875,209400,0.0,0.0
2025-03-31 00:00:00-04:00,148.3313600119688,154.0643134549274,146.364078397046,152.19638061523438,328000,0.0,0.0
2025-04-01 00:00:00-04:00,152.36530904580022,154.60086125778795,150.30362098832006,153.93515014648438,328800,0.0,0.0
2025-04-02 00:00:00-04:00,150.95440184465932,156.84633131119605,150.95440184465932,156.56813049316406,336000,0.0,0.0
2025-04-03 00:00:00-04:00,148.44065066510962,150.39304431900575,144.45640556419835,144.93331909179688,289100,0.0,0.0
2025-04-04 00:00:00-04:00,138.8327617305789,140.64108242704458,132.58315773800888,136.2494659423828,534800,0.0,0.0
2025-04-07 00:00:00-04:00,131.11265105611176,140.8695859419992,126.22423812331681,132.19564819335938,495800,0.0,0.0
2025-04-08 00:00:00-04:00,137.65037884609205,139.24011074286003,129.48317632984734,131.9373016357422,355600,0.0,0.0
2025-04-09 00:00:00-04:00,129.82101183570234,148.77551079918263,129.82101183570234,146.8509521484375,434200,0.0,0.0
2025-04-10 00:00:00-04:00,142.68783658671074,144.27259581356145,135.36516647699204,139.63754272460938,393400,0.0,0.0
2025-04-11 00:00:00-04:00,139.02153321120704,141.5998712122661,135.35522529475048,139.9853057861328,416000,0.0,0.0
2025-04-14 00:00:00-04:00,141.58497644282755,142.8170195904669,138.51482164487197,140.39268493652344,356200,0.0,0.0
2025-04-15 00:00:00-04:00,140.57152355622404,143.87021243010565,140.08467964999144,141.0186309814453,251700,0.0,0.0
2025-04-16 00:00:00-04:00,139.29973652186823,140.77520155938285,137.4268460520892,140.66094970703125,460600,0.0,0.0
2025-04-17 00:00:00-04:00,141.18755258143676,142.92134272415348,140.06480369363481,141.7340087890625,264600,0.0,0.0
2025-04-21 00:00:00-04:00,139.97536618400417,140.28337314224075,134.6040741373554,135.9016876220703,403900,0.0,0.0
2025-04-22 00:00:00-04:00,138.01802424735888,140.53177720726922,136.15009139399632,139.50839233398438,323900,0.0,0.0
2025-04-23 00:00:00-04:00,143.91986138840073,149.01690912401327,140.60129745484957,141.1080322265625,385400,0.0,0.0
2025-04-24 00:00:00-04:00,141.37632214896524,149.0964337446788,141.1577487587953,148.47047424316406,591600,0.0,0.0
2025-04-25 00:00:00-04:00,148.30155315012922,148.51021135048197,146.06600104730163,147.8047637939453,464400,0.0,0.0
2025-04-28 00:00:00-04:00,147.34772801308944,149.94096909288805,145.86133205669321,147.71534729003906,474300,0.0,0.0
2025-04-29 00:00:00-04:00,158.97260237133133,161.31744886274083,153.76128660130493,157.849853515625,819500,0.0,0.0
2025-04-30 00:00:00-04:00,154.73001583841443,160.6120002702827,152.07716237213523,159.94630432128906,670900,0.0,0.0
2025-05-01 00:00:00-04:00,162.47993155449709,164.37767060301996,159.45945882934518,161.99307250976562,445600,0.0,0.0
2025-05-02 00:00:00-04:00,164.53662915867775,168.42151012619232,163.9901578734856,166.85165405273438,340600,0.0,0.0
2025-05-05 00:00:00-04:00,165.1725202077799,167.02057710292004,163.92655960322605,166.2356414794922,228600,0.0,0.0
2025-05-06 00:00:00-04:00,164.50683199076116,166.14125803006704,163.57286559069624,165.4010467529297,221600,0.0,0.0
2025-05-07 00:00:00-04:00,166.87152992167506,167.3534161695638,165.01851545692907,166.37474060058594,193900,0.0,0.0
2025-05-08 00:00:00-04:00,168.89844386732753,171.10418973145954,167.6018158170843,168.6798553466797,226200,0.0,0.0
2025-05-09 00:00:00-04:00,168.90837223745922,169.95659044680423,167.05038499430546,168.5308074951172,163800,0.0,0.0
2025-05-12 00:00:00-04:00,175.70445208777235,175.70445208777235,170.50803977857493,174.22402954101562,233500,0.0,0.0
2025-05-13 00:00:00-04:00,176.0522298116167,176.4596007577803,174.3631488855642,174.7605743408203,178200,0.0,0.0
2025-05-14 00:00:00-04:00,174.90958544954694,175.33683216872544,173.33477172015657,174.17434692382812,169800,0.0,0.0
2025-05-15 00:00:00-04:00,173.63780707698126,175.98762614579542,172.59456157709906,174.98907470703125,243600,0.0,0.0
2025-05-16 00:00:00-04:00,175.89324809348182,178.04931220083432,175.61007450599595,176.7477264404297,258000,0.0,0.0
2025-05-19 00:00:00-04:00,173.98557931447925,177.86053045968904,172.75850892502802,176.7974090576172,219800,0.0,0.0
2025-05-20 00:00:00-04:00,176.84707798864895,177.23457307459822,173.6874898440715,174.08493041992188,282800,0.0,0.0
2025-05-21 00:00:00-04:00,172.07789441918396,172.74359031705094,169.14684033845967,169.5442657470703,239800,0.0,0.0
2025-05-22 00:00:00-04:00,169.44490884189312,169.68337319343385,167.7955796830296,169.61383056640625,335400,0.0,0.0
2025-05-23 00:00:00-04:00,166.08661815244977,170.49115116945882,166.08661815244977,168.97793579101562,217400,0.0,0.0
2025-05-27 00:00:00-04:00,171.67053397076657,173.3695602917365,169.71815537972847,173.01187133789062,169500,0.0,0.0
2025-05-28 00:00:00-04:00,172.76348974096152,173.28013981058544,170.5428404760978,171.14395141601562,158300,0.0,0.0
2025-05-29 00:00:00-04:00,172.5945561877569,172.64422299225168,169.9019513407823,172.15737915039062,222400,0.0,0.0
2025-05-30 00:00:00-04:00,172.35636790858143,172.35636790858143,169.50099646677677,170.52574157714844,229300,0.23,0.0
2025-06-02 00:00:00-04:00,170.1476920448885,171.09284339651387,166.98390419999075,169.94871520996094,202600,0.0,0.0
2025-06-03 00:00:00-04:00,170.23722622647244,173.84871567907177,170.00342427494957,173.59999084472656,272400,0.0,0.0
2025-06-04 00:00:00-04:00,173.6099281550806,175.53007652059472,173.6099281550806,174.2267608642578,242300,0.0,0.0
2025-06-05 00:00:00-04:00,174.3958937158817,175.0326286683052,172.84385321815938,173.99794006347656,209600,0.0,0.0
2025-06-06 00:00:00-04:00,176.45533702370366,176.8433471359197,175.10227339477842,176.77369689941406,279200,0.0,0.0
2025-06-09 00:00:00-04:00,177.09208476696404,185.19056489008008,177.09208476696404,185.0413360595703,589500,0.0,0.0
2025-06-10 00:00:00-04:00,187.0211653800333,190.02576550411757,183.57384296340172,185.7178497314453,521800,0.0,0.0
2025-06-11 00:00:00-04:00,185.66810087640036,187.98621804674326,184.3747439425335,185.6581573486328,410000,0.0,0.0
2025-06-12 00:00:00-04:00,184.05637707200967,186.3943965828756,183.77780647253957,185.87704467773438,302700,0.0,0.0
2025-06-13 00:00:00-04:00,184.05636534707523,185.23033920134802,179.34053733195657,180.5145263671875,288700,0.0,0.0
2025-06-16 00:00:00-04:00,182.41480641551001,184.26531985960804,180.9025551153646,181.4497528076172,324400,0.0,0.0
2025-06-17 00:00:00-04:00,179.4798324325808,180.90254636360905,177.34080495293736,178.0372314453125,431600,0.0,0.0
2025-06-18 00:00:00-04:00,179.02217410367896,179.2758782712279,177.0870877687624,177.49002075195312,428200,0.0,0.0
2025-06-20 00:00:00-04:00,178.0869925908681,178.7336711284509,175.16198592606446,177.8880157470703,1139100,0.0,0.0
2025-06-23 00:00:00-04:00,177.18162027484965,182.85254349130645,176.21060058111183,182.8028106689453,327800,0.0,0.0
2025-06-24 00:00:00-04:00,184.39463911220025,184.86224301414404,182.31530314540453,183.40969848632812,250300,0.0,0.0
2025-06-25 00:00:00-04:00,184.12603536741346,184.8304167194716,182.87245243399778,184.32501220703125,231800,0.0,0.0
2025-06-26 00:00:00-04:00,185.41938376057206,187.62806149344243,184.55382619910847,186.891845703125,311900,0.0,0.0
2025-06-27 00:00:00-04:00,187.4191488786349,188.79209969131117,185.85714957503922,187.42909240722656,420400,0.0,0.0
2025-06-30 00:00:00-04:00,187.88674387521598,188.9711804976322,185.5735907964187,188.9214324951172,473100,0.0,0.0
2025-07-01 00:00:00-04:00,188.26480185191363,192.36379754273355,187.20523160337945,188.67271423339844,494100,0.0,0.0
2025-07-02 00:00:00-04:00,187.64795841789947,191.8066302236037,187.64795841789947,191.4385223388672,220300,0.0,0.0
2025-07-03 00:00:00-04:00,191.4385279391637,193.07016223894038,191.02067204078955,192.1747589111328,89700,0.0,0.0
2025-07-07 00:00:00-04:00,192.01555749941366,193.37856462997445,189.66759463466957,190.17498779296875,296600,0.0,0.0
2025-07-08 00:00:00-04:00,190.44362533386172,194.0053667084812,189.50841754744178,190.54312133789062,233900,0.0,0.0
2025-07-09 00:00:00-04:00,191.26940285517406,192.41951235020522,189.43879166763676,190.12527465820312,193900,0.0,0.0
2025-07-10 00:00:00-04:00,190.0257628047164,191.73598884047087,180.55431739226327,185.88697814941406,524500,0.0,0.0
2025-07-11 00:00:00-04:00,184.94184456734388,185.7427464598589,183.44949550197256,183.9469451904297,226500,0.0,0.0
2025-07-14 00:00:00-04:00,183.94693699897817,187.170416301779,182.96198119454925,186.891845703125,309400,0.0,0.0
2025-07-15 00:00:00-04:00,187.25995383870915,189.76710441077321,184.55382643605947,184.80255126953125,215100,0.0,0.0
2025-07-16 00:00:00-04:00,184.74285343973116,186.9017830989434,182.56402154385117,186.47396850585938,203600,0.0,0.0
2025-07-17 00:00:00-04:00,186.44413472048643,189.91633896560583,186.44413472048643,188.35435485839844,172400,0.0,0.0
2025-07-18 00:00:00-04:00,188.65279937873103,188.74235185277092,186.43417820250508,188.1553497314453,112900,0.0,0.0
2025-07-21 00:00:00-04:00,188.58317251678466,189.27461966245912,185.67806827211447,185.90689086914062,149800,0.0,0.0
2025-07-22 00:00:00-04:00,184.64334669079827,186.74258469878671,182.46451492172994,186.0760040283203,176700,0.0,0.0
2025-07-23 00:00:00-04:00,187.82702208233297,188.95624244301493,186.24513592369968,187.528564453125,103000,0.0,0.0
2025-07-24 00:00:00-04:00,187.00127376650923,188.56325772879754,186.344636603834,188.20509338378906,227300,0.0,0.0
2025-07-25 00:00:00-04:00,188.7124938017676,190.28443653301466,187.84195690566602,189.75714111328125,270700,0.0,0.0
2025-07-28 00:00:00-04:00,190.51329415834098,190.7719625407081,188.84185524954339,189.010986328125,298300,0.0,0.0
2025-07-29 00:00:00-04:00,193.04530926038782,202.85003862404176,193.04530926038782,197.3383026123047,603500,0.0,0.0
2025-07-30 00:00:00-04:00,197.33828802207577,200.20358776716137,193.343767822518,194.9306182861328,285400,0.0,0.0
2025-07-31 00:00:00-04:00,194.5525595399688,196.39311412115077,192.47322366361925,194.7714385986328,214200,0.0,0.0
2025-08-01 00:00:00-04:00,191.25945807769148,192.99057324507464,188.13547470030963,192.50308227539062,194700,0.0,0.0
2025-08-04 00:00:00-04:00,194.38344333820547,195.2788466968395,193.0104773527377,194.045166015625,183700,0.0,0.0
2025-08-05 00:00:00-04:00,194.04515033402188,195.80612632338048,191.94591223037875,194.7117462158203,207700,0.0,0.0
2025-08-06 00:00:00-04:00,194.71174800550642,194.71174800550642,191.4882688195711,193.43826293945312,151500,0.0,0.0
2025-08-07 00:00:00-04:00,194.98038400040792,194.98038400040792,191.5181382709067,193.68701171875,241900,0.0,0.0
2025-08-08 00:00:00-04:00,193.9755154232991,196.51747581763897,192.63239531192562,192.97067260742188,232200,0.0,0.0
2025-08-11 00:00:00-04:00,193.54771168000002,194.56749261605893,191.8414629486654,193.36863708496094,221800,0.0,0.0
2025-08-12 00:00:00-04:00,195.04006243849395,196.76124924908638,193.8262991945904,196.3035888671875,181100,0.0,0.0
2025-08-13 00:00:00-04:00,196.99007298306987,198.86048863495753,194.622207651932,197.43777465820312,271400,0.0,0.0
2025-08-14 00:00:00-04:00,195.99515726388447,195.99515726388447,189.8068825561014,190.005859375,228200,0.0,0.0
2025-08-15 00:00:00-04:00,189.82679462721913,190.72219794913286,187.0420754187277,188.22500610351562,318500,0.0,0.0
2025-08-18 00:00:00-04:00,188.1951470407593,192.18468759498057,186.49386263218122,191.8563690185547,386900,0.0,0.0
2025-08-19 00:00:00-04:00,191.12015119420028,193.44323243185116,190.6823930970867,191.01071166992188,163600,0.0,0.0
2025-08-20 00:00:00-04:00,190.0257678383275,191.18979820703572,188.23494604763843,189.03086853027344,405000,0.0,0.0
2025-08-21 00:00:00-04:00,189.03085987037872,190.12027577726624,187.3196319244439,187.73748779296875,453200,0.0,0.0
2025-08-22 00:00:00-04:00,189.55816392690025,194.97041859103493,189.03086850816993,193.23928833007812,342700,0.0,0.0
2025-08-25 00:00:00-04:00,192.37374815481937,193.856153722602,190.7122679823038,190.9211883544922,272900,0.0,0.0
2025-08-26 00:00:00-04:00,191.74695984606373,194.90078916732907,190.07553611708641,194.67196655273438,282200,0.0,0.0
2025-08-27 00:00:00-04:00,194.8012809853751,195.46786167758225,192.7716779640368,192.7915802001953,367700,0.0,0.0
2025-08-28 00:00:00-04:00,193.01047393415408,193.25421941704022,189.63776574429562,190.99082946777344,362500,0.0,0.0
2025-08-29 00:00:00-04:00,190.86133156137922,192.08652138250085,183.73927451116376,184.57598876953125,425300,0.23,0.0
2025-09-02 00:00:00-04:00,181.87656347569296,182.97227153156848,179.0177822742293,182.77305603027344,382500,0.0,0.0
2025-09-03 00:00:00-04:00,182.77305379599198,182.77305379599198,179.53575254222366,181.8466796875,295400,0.0,0.0
2025-09-04 00:00:00-04:00,182.56388055940505,184.37677668538126,180.3326272964734,184.36680603027344,324400,0.0,0.0
2025-09-05 00:00:00-04:00,185.57206998341138,186.48847342836837,180.6214881302821,183.5500030517578,232900,0.0,0.0
2025-09-08 00:00:00-04:00,183.2910239666849,184.02813808348344,179.80469929392606,183.70938110351562,386800,0.0,0.0
2025-09-09 00:00:00-04:00,183.48028882277805,183.48028882277805,180.29279493557422,181.70724487304688,437100,0.0,0.0
2025-09-10 00:00:00-04:00,181.54786363407814,184.41163036116646,181.09463959771688,182.00607299804688,419800,0.0,0.0
2025-09-11 00:00:00-04:00,182.0359658476225,186.0601742189445,181.56780099859236,185.6617431640625,368300,0.0,0.0
2025-09-12 00:00:00-04:00,185.54220753678646,185.54220753678646,182.26505375873214,182.2750244140625,181600,0.0,0.0
2025-09-15 00:00:00-04:00,183.2810747401535,184.3966938096201,180.28781101992914,181.8865509033203,275100,0.0,0.0
2025-09-16 00:00:00-04:00,181.8865303036949,182.79794842255043,179.6253956536861,182.07577514648438,237400,0.0,0.0
2025-09-17 00:00:00-04:00,182.80295814645473,184.40666819079908,178.6143860244378,179.95413208007812,366900,0.0,0.0
2025-09-18 00:00:00-04:00,181.44826424699468,184.49132039084506,179.97403599086306,183.4105682373047,209000,0.0,0.0
2025-09-19 00:00:00-04:00,183.72930054837457,186.75743095152285,179.96905658171255,181.33868408203125,838100,0.0,0.0
2025-09-22 00:00:00-04:00,180.84064181891594,182.18038778372232,179.92423831273223,181.21914672851562,245300,0.0,0.0
2025-09-23 00:00:00-04:00,181.17932360356306,183.28108007543844,180.27786081151697,181.0398712158203,274800,0.0,0.0
2025-09-24 00:00:00-04:00,181.59765394727262,181.82675100776467,178.22090037211564,178.29063415527344,179700,0.0,0.0
2025-09-25 00:00:00-04:00,177.03555401333472,178.37529993118653,175.13799860684858,178.03164672851562,259600,0.0,0.0
2025-09-26 00:00:00-04:00,178.98791785560854,181.92140325118268,178.72892399986233,181.3187713623047,232200,0.0,0.0
2025-09-29 00:00:00-04:00,182.53401090794628,182.53401090794628,180.03382337894396,180.8804931640625,243300,0.0,0.0
2025-09-30 00:00:00-04:00,180.94024056762905,183.66954015336015,178.88630085911717,183.42051696777344,169200,0.0,0.0
2025-10-01 00:00:00-04:00,180.99005121129915,182.61368727167255,179.5805866454094,180.33262634277344,225500,0.0,0.0
2025-10-02 00:00:00-04:00,180.05371877549084,181.28887924866615,177.35431595315802,179.31661987304688,234300,0.0,0.0
2025-10-03 00:00:00-04:00,179.9441625363606,181.288893928133,178.5894756880517,179.2269744873047,323500,0.0,0.0
2025-10-06 00:00:00-04:00,180.79083141269194,181.8765688461026,177.9121240163464,181.51797485351562,365800,0.0,0.0
2025-10-07 00:00:00-04:00,182.06583590101224,182.58479634495168,177.1750167359547,178.06153869628906,229000,0.0,0.0
2025-10-08 00:00:00-04:00,178.4101631163554,180.45215617987392,177.23476583330097,179.7150421142578,165200,0.0,0.0
2025-10-09 00:00:00-04:00,179.3863313778683,182.4343726196009,175.3123158671647,178.4201202392578,327900,0.0,0.0
2025-10-10 00:00:00-04:00,179.0676002811767,179.85450687640403,173.97756565368587,174.3461151123047,271900,0.0,0.0
2025-10-13 00:00:00-04:00,176.517607056898,178.4599849251396,175.19777197284438,178.06153869628906,247200,0.0,0.0
2025-10-14 00:00:00-04:00,175.8103700158761,180.48204743570042,175.8103700158761,178.99786376953125,178100,0.0,0.0
2025-10-15 00:00:00-04:00,179.98400461540737,182.0459087408388,177.3742464279441,180.10353088378906,256700,0.0,0.0
2025-10-16 00:00:00-04:00,181.40840859500813,181.40840859500813,178.07150696837098,180.58164978027344,279200,0.0,0.0
2025-10-17 00:00:00-04:00,180.00393478846198,183.0220947265625,179.49591773803706,183.0220947265625,320300,0.0,0.0
2025-10-20 00:00:00-04:00,184.2771708338771,187.7883919282059,184.2771708338771,186.68771362304688,412000,0.0,0.0
2025-10-21 00:00:00-04:00,185.75137278719342,188.67988792018826,184.5361384095674,188.29141235351562,187100,0.0,0.0
2025-10-22 00:00:00-04:00,189.25761964206725,189.25761964206725,183.83887273202734,183.8986358642578,246300,0.0,0.0
2025-10-23 00:00:00-04:00,184.8648504146336,192.11640444184096,184.8648504146336,191.48887634277344,387400,0.0,0.0
2025-10-24 00:00:00-04:00,192.93319370551987,193.64041099709533,190.69198517453884,191.01072692871094,284000,0.0,0.0
2025-10-27 00:00:00-04:00,192.1064479807447,193.50097174822986,189.85528384204179,190.49278259277344,481700,0.0,0.0
2025-10-28 00:00:00-04:00,196.48926258261204,200.2146551704196,188.56037231227398,190.54258728027344,564600,0.0,0.0
2025-10-29 00:00:00-04:00,190.6421868593522,194.75605469523748,190.6421868593522,192.42518615722656,422000,0.0,0.0
2025-10-30 00:00:00-04:00,192.22597055506264,197.3857387940025,186.64786039308063,191.1103515625,236100,0.0,0.0
2025-10-31 00:00:00-04:00,191.31953333271667,192.28572927427993,187.56425957541398,189.2576141357422,317200,0.0,0.0
2025-11-03 00:00:00-05:00,188.93887250618636,192.89336208574866,186.75744207037886,191.88731384277344,302600,0.0,0.0
2025-11-04 00:00:00-05:00,189.12811650583694,190.06046389565742,186.97158249317548,187.44471740722656,307100,0.0,0.0
2025-11-05 00:00:00-05:00,187.80331497221715,190.94101616357864,186.54325828783368,190.2736358642578,215900,0.0,0.0
2025-11-06 00:00:00-05:00,189.56641475602038,191.24981398809524,187.21563518444992,188.26153564453125,157700,0.0,0.0
2025-11-07 00:00:00-05:00,187.40487506802245,189.6162020201135,185.93066216635106,188.69979858398438,164900,0.0,0.0
2025-11-10 00:00:00-05:00,190.78164361356556,191.40420158369264,187.04629579280316,189.5166015625,198300,0.0,0.0
2025-11-11 00:00:00-05:00,189.2974504413133,190.00468294752008,186.6279292949778,187.44471740722656,213300,0.0,0.0
2025-11-12 00:00:00-05:00,187.02637519346806,191.1004062214057,186.83214500463262,190.23379516601562,307700,0.0,0.0
2025-11-13 00:00:00-05:00,189.2576370561047,190.70695394272425,184.5859592674315,184.98440551757812,271900,0.0,0.0
2025-11-14 00:00:00-05:00,181.43829193653178,186.00039864604395,174.94377802094056,182.98223876953125,279600,0.0,0.0
2025-11-17 00:00:00-05:00,183.26113803598062,184.25723077590752,177.60333856879706,178.16114807128906,320100,0.0,0.0
2025-11-18 00:00:00-05:00,177.38421697817543,180.03382761334373,175.53148366475628,178.78871154785156,282300,0.0,0.0
2025-11-19 00:00:00-05:00,179.05762452606803,181.86661333365012,177.56348542395045,178.47988891601562,601300,0.0,0.0
2025-11-20 00:00:00-05:00,181.87656375791616,182.48418091726845,174.77443309109017,175.47169494628906,380400,0.0,0.0
2025-11-21 00:00:00-05:00,176.7168269536841,178.43507791085568,172.95656752146186,178.1910400390625,520500,0.0,0.0
2025-11-24 00:00:00-05:00,177.832433778501,179.84454534782208,176.3382946842779,178.14122009277344,287400,0.0,0.0
2025-11-25 00:00:00-05:00,179.18713113197498,182.81290827448564,178.2249020935804,182.1156463623047,439000,0.0,0.0
2025-11-26 00:00:00-05:00,181.78692166993497,183.59981771862792,181.16934904635193,182.06582641601562,408100,0.0,0.0
2025-11-28 00:00:00-05:00,182.98339477548373,183.23073811572436,180.4900253750638,182.76397705078125,129600,0.23,0.0
2025-12-01 00:00:00-05:00,180.9488030485114,182.858732597208,179.8517296055703,179.89161682128906,368700,0.0,0.0
2025-12-02 00:00:00-05:00,181.15825396955594,182.26531063742715,179.38297610119596,180.87899780273438,418100,0.0,0.0
2025-12-03 00:00:00-05:00,181.88629975868443,184.41258629450672,178.9870122349703,183.54190063476562,442300,0.0,0.0
2025-12-04 00:00:00-05:00,185.70614178370974,188.8378130050412,184.4993595689051,187.43154907226562,342700,0.0,0.0
2025-12-05 00:00:00-05:00,187.192190255607,187.8903305945129,185.576491868665,187.2919158935547,309400,0.0,0.0
2025-12-08 00:00:00-05:00,186.37436686109504,188.88768742105242,185.56651762854557,187.00270080566406,381400,0.0,0.0
2025-12-09 00:00:00-05:00,186.59378402022446,188.5136814530581,185.27729292403367,185.55654907226562,253100,0.0,0.0
2025-12-10 00:00:00-05:00,185.3271632096254,191.1716063204265,185.3271632096254,189.78529357910156,306000,0.0,0.0
2025-12-11 00:00:00-05:00,190.16430388582313,193.51539311464504,189.69057281010595,192.41830444335938,246300,0.0,0.0
2025-12-12 00:00:00-05:00,192.60778750806756,193.65500566149112,189.84514527093802,191.16163635253906,196900,0.0,0.0
2025-12-15 00:00:00-05:00,191.8697723544911,191.98944921920705,189.41629009957725,191.32122802734375,288800,0.0,0.0
2025-12-16 00:00:00-05:00,190.49341642396558,191.02200950338337,184.6339985104012,187.08248901367188,359600,0.0,0.0
2025-12-17 00:00:00-05:00,187.16228143274284,188.0808287224432,182.38497721311745,183.34243774414062,257300,0.0,0.0
2025-12-18 00:00:00-05:00,185.43686091621714,187.67591697626537,184.51930280715305,185.127685546875,358000,0.0,0.0
2025-12-19 00:00:00-05:00,185.4967125764286,187.78063221648335,184.539252045141,186.5040283203125,468900,0.0,0.0
2025-12-22 00:00:00-05:00,186.88302040151214,188.41892919226353,185.16258949941212,187.6210479736328,260700,0.0,0.0
2025-12-23 00:00:00-05:00,187.75071542228568,188.52864545597225,186.6237075860109,188.47877502441406,228800,0.0,0.0
2025-12-24 00:00:00-05:00,188.9973938407077,188.9973938407077,187.14232646393424,187.77066040039062,109100,0.0,0.0
2025-12-26 00:00:00-05:00,187.930213824145,187.930213824145,186.11504898144952,187.30189514160156,268500,0.0,0.0
2025-12-29 00:00:00-05:00,186.94286790663799,188.45884077381194,185.92556892303134,187.75071716308594,178200,0.0,0.0
2025-12-30 00:00:00-05:00,186.94287218055615,187.7806406717058,185.50668892811703,187.09246826171875,259600,0.0,0.0
2025-12-31 00:00:00-05:00,187.33181767925578,187.33181767925578,183.64661067485687,183.94082641601562,215400,0.0,0.0
2026-01-02 00:00:00-05:00,183.42222928752037,187.8604237539229,182.67421847121705,187.03262329101562,201600,0.0,0.0
2026-01-05 00:00:00-05:00,188.16959780819369,195.50010984407047,188.16959780819369,193.85447692871094,373100,0.0,0.0
2026-01-06 00:00:00-05:00,193.03666676117902,196.2680638436956,190.5033948659287,195.7793731689453,614000,0.0,0.0
2026-01-07 00:00:00-05:00,196.98615418230477,197.7192054079722,192.70753891013453,193.9542236328125,295500,0.0,0.0
2026-01-08 00:00:00-05:00,194.5227011848214,198.67167153525153,193.7746903618586,198.53204345703125,364400,0.0,0.0
2026-01-09 00:00:00-05:00,199.41968776999656,202.69098730706366,198.40738037084805,202.02276611328125,221400,0.0,0.0
2026-01-12 00:00:00-05:00,201.46424331652534,203.09989300006538,200.19760742662388,202.3917694091797,261300,0.0,0.0
2026-01-13 00:00:00-05:00,202.7109260809924,207.21894208079854,202.7109260809924,204.18699645996094,284400,0.0,0.0
2026-01-14 00:00:00-05:00,203.9576116165043,205.62318050619632,201.8831265034487,202.6610565185547,296100,0.0,0.0
2026-01-15 00:00:00-05:00,203.51878926014618,207.58297849403513,203.51878926014618,206.36123657226562,251000,0.0,0.0
2026-01-16 00:00:00-05:00,205.43368982023037,208.02680011481866,205.24918291733712,206.869873046875,341300,0.0,0.0
2026-01-20 00:00:00-05:00,204.11719778218958,207.07932186961256,203.01014115135152,205.23422241210938,243400,0.0,0.0
2026-01-21 00:00:00-05:00,207.53808552373414,212.4350665313846,204.7654600512595,209.6724090576172,286100,0.0,0.0
2026-01-22 00:00:00-05:00,210.4403737499036,213.74159234394028,207.3535812681919,207.83729553222656,258300,0.0,0.0
2026-01-23 00:00:00-05:00,207.2289074451918,207.2289074451918,203.09988850505843,203.69830322265625,242100,0.0,0.0
2026-01-26 00:00:00-05:00,204.9449912239895,209.64249052625198,203.80302380806697,209.21363830566406,869300,0.0,0.0
2026-01-27 00:00:00-05:00,200.72619518730474,206.09193075170373,183.79123528612158,185.1476287841797,1887900,0.0,0.0
2026-01-28 00:00:00-05:00,184.5791520097957,186.90295883252728,181.62699602791497,181.7865753173828,986900,0.0,0.0
2026-01-29 00:00:00-05:00,182.9036102503052,185.32717328890612,174.31145357725785,178.9042510986328,954100,0.0,0.0
2026-01-30 00:00:00-05:00,176.76992206738996,184.12037017236096,176.76992206738996,182.1555938720703,877000,0.0,0.0
2026-02-02 00:00:00-05:00,181.0984097844551,185.09776886094667,180.9188792724464,184.77862548828125,454200,0.0,0.0
2026-02-03 00:00:00-05:00,188.79793088561732,191.58052439388376,185.59643793296607,189.89500427246094,583600,0.0,0.0
2026-02-04 00:00:00-05:00,190.03463522321258,192.44823019108983,186.33448356115036,189.31655883789062,635000,0.0,0.0
2026-02-05 00:00:00-05:00,187.9800922581475,190.32386546570137,185.93552640747768,187.28195190429688,510200,0.0,0.0
2026-02-06 00:00:00-05:00,189.91494991599592,196.47749970177628,189.91494991599592,195.69956970214844,725100,0.0,0.0
2026-02-09 00:00:00-05:00,195.69957423689968,199.81862526194598,195.69957423689968,199.45957946777344,364800,0.0,0.0
2026-02-10 00:00:00-05:00,199.97818947584258,200.53172538398064,197.48482013074212,197.97352600097656,547400,0.0,0.0
2026-02-11 00:00:00-05:00,200.6563901393028,202.0217624545787,196.76672490190956,200.0779266357422,504300,0.0,0.0
2026-02-12 00:00:00-05:00,201.52407731970771,206.81999126356095,195.6098126609996,199.46954345703125,1114500,0.0,0.0
2026-02-13 00:00:00-05:00,199.48948534436295,203.6733509092107,195.45022423457053,199.9881591796875,697300,0.0,0.0
2026-02-17 00:00:00-05:00,199.46954202203204,203.37914321946567,198.1211229263547,199.54933166503906,586600,0.0,0.0
2026-02-18 00:00:00-05:00,199.59920759605424,202.40175230378352,198.82625396842184,199.8784637451172,343600,0.0,0.0
2026-02-19 00:00:00-05:00,198.81128682657663,204.59590652910472,198.47219226103957,204.316650390625,338800,0.0,0.0
2026-02-20 00:00:00-05:00,203.73818916597645,207.47325147344958,201.02540217485247,202.71092224121094,264400,0.0,0.0
2026-02-23 00:00:00-05:00,201.70361084134302,201.7634492703448,198.32260263787384,200.14773559570312,354900,0.0,0.0
2026-02-24 00:00:00-05:00,200.29733777909266,204.74052355026987,198.7664054273601,203.82794189453125,232300,0.0,0.0
2026-02-25 00:00:00-05:00,204.94498810625427,205.7827565372061,199.65904215575034,203.05001831054688,295900,0.0,0.0
2026-02-26 00:00:00-05:00,203.53872463265571,203.91772163632032,200.45692382860395,203.6584014892578,294200,0.0,0.0
2026-02-27 00:00:00-05:00,201.36662068160746,201.72611539295875,196.30375333720164,200.24819946289062,424500,0.255,0.0
2026-03-02 00:00:00-05:00,197.78166992434973,204.43231448777092,196.54342221018413,204.0328826904297,311300,0.0,0.0
2026-03-03 00:00:00-05:00,198.4307720984877,202.28534849390604,194.066902621939,200.56776428222656,347200,0.0,0.0
2026-03-04 00:00:00-05:00,198.97001040985134,203.93302769778248,196.98280130726408,203.31390380859375,269500,0.0,0.0
2026-03-05 00:00:00-05:00,201.75607598191334,203.23001499357082,196.07408467078506,198.3209228515625,350600,0.0,0.0
2026-03-06 00:00:00-05:00,194.64608829673756,194.64608829673756,189.69306683262175,190.85142517089844,379600,0.0,0.0
2026-03-09 00:00:00-04:00,188.1752005165896,193.33793363857725,186.04818878483593,193.10826110839844,249000,0.0,0.0
2026-03-10 00:00:00-04:00,192.73877132055392,195.25523441065295,189.6431366719741,189.6930694580078,303900,0.0,0.0
2026-03-11 00:00:00-04:00,188.40487443266426,190.08252157863586,185.62878217624,187.66590881347656,410600,0.0,0.0
2026-03-12 00:00:00-04:00,186.21794571489903,187.7957272568649,178.9681532763593,179.1079559326172,436700,0.0,0.0
2026-03-13 00:00:00-04:00,180.9653485039268,181.20501673823168,170.87953506113513,170.97940063476562,634400,0.0,0.0
2026-03-16 00:00:00-04:00,174.5044396785044,175.06864817323736,170.91449018687445,173.62567138671875,649000,0.0,0.0
2026-03-17 00:00:00-04:00,174.81400347622093,177.83974450514822,174.30472561300704,176.261962890625,339100,0.0,0.0
2026-03-18 00:00:00-04:00,175.95239035039404,177.64001790098234,174.67918815031405,174.83396911621094,278800,0.0,0.0
2026-03-19 00:00:00-04:00,172.15773217217478,175.3232910004528,170.03073567447007,174.03509521484375,303000,0.0,0.0
2026-03-20 00:00:00-04:00,172.66702852007674,174.73411180865457,166.45076986731655,167.6940155029297,851700,0.0,0.0
2026-03-23 00:00:00-04:00,174.45449678322726,178.40394078017135,171.27897284665772,173.8353729248047,414700,0.0,0.0
2026-03-24 00:00:00-04:00,171.22905014627577,174.6841795925321,170.17054210508343,172.8667449951172,553900,0.0,0.0
2026-03-25 00:00:00-04:00,175.80260650294082,177.7099261076458,170.58994075661676,174.3346710205078,515100,0.0,0.0
2026-03-26 00:00:00-04:00,172.18769214521734,174.35465624611064,166.685440343532,167.31455993652344,377800,0.0,0.0
2026-03-27 00:00:00-04:00,164.88795645432717,165.5969654149641,162.32157592923215,163.98922729492188,554200,0.0,0.0
2026-03-30 00:00:00-04:00,165.54704139795808,166.65548221317528,159.35575680985588,160.6339569091797,367500,0.0,0.0
2026-03-31 00:00:00-04:00,164.00920947278954,171.12917977645557,162.48136070334184,170.75970458984375,695000,0.0,0.0
2026-04-01 00:00:00-04:00,173.15632316558984,175.6827666584195,172.42735326618651,172.677001953125,435600,0.0,0.0
2026-04-02 00:00:00-04:00,167.77389647756215,174.144935783154,165.8066636243436,167.763916015625,695600,0.0,0.0
2026-04-06 00:00:00-04:00,167.28460383608748,172.58713974406902,166.2161000946327,172.48727416992188,461000,0.0,0.0
2026-04-07 00:00:00-04:00,171.95800937850146,176.851132695632,170.81961199632514,175.1035919189453,573800,0.0,0.0
2026-04-08 00:00:00-04:00,184.71007797650174,187.8556454436874,182.94256094656507,183.74143981933594,758300,0.0,0.0
2026-04-09 00:00:00-04:00,181.87406765903228,187.48616530787635,181.87406765903228,186.30783081054688,290000,0.0,0.0
2026-04-10 00:00:00-04:00,187.75579103853028,189.72302393468524,186.32280999592962,188.19517517089844,389000,0.0,0.0
2026-04-13 00:00:00-04:00,187.58602966885914,194.44637071759723,187.2265349497746,193.51766967773438,386800,0.0,0.0
2026-04-14 00:00:00-04:00,193.91712561823547,195.7944887081981,191.36072538181244,193.31796264648438,259700,0.0,0.0
2026-04-15 00:00:00-04:00,192.79870218321514,192.79870218321514,188.64952683900557,190.0525665283203,513700,0.0,0.0
2026-04-16 00:00:00-04:00,190.7415742714478,191.3107805826068,184.24072805165522,185.83848571777344,531300,0.0,0.0
2026-04-17 00:00:00-04:00,189.66308954602846,196.87794255726863,189.1538117197342,192.53904724121094,441900,0.0,0.0
2026-04-20 00:00:00-04:00,191.73019474416688,193.38286786008328,190.03258669233892,192.6089630126953,270200,0.0,0.0
2026-04-21 00:00:00-04:00,194.27662047339064,195.03054918244712,184.66014771868532,185.10951232910156,600300,0.0,0.0
2026-04-22 00:00:00-04:00,186.96688964711856,187.50613934177665,175.07363782681463,179.37757873535156,1078700,0.0,0.0
2026-04-23 00:00:00-04:00,182.06379724635605,184.52033173249532,178.53874385512847,180.1664581298828,500600,0.0,0.0
2026-04-24 00:00:00-04:00,179.4574748800542,181.61442802761732,177.75985156169975,179.8269500732422,423100,0.0,0.0
2026-04-27 00:00:00-04:00,180.0566200517677,184.04101865869268,179.38256553637873,182.75282287597656,874300,0.0,0.0
2026-04-28 00:00:00-04:00,190.2123297134859,190.2123297134859,176.68136737670406,177.67996215820312,1323000,0.0,0.0
2026-04-29 00:00:00-04:00,183.53172393398918,183.53172393398918,174.15491976251138,176.07223510742188,632000,0.0,0.0
2026-04-30 00:00:00-04:00,177.37039383665473,179.08797801806608,175.7277164510403,177.48023986816406,787800,0.0,0.0
2026-05-01 00:00:00-04:00,179.1279367085711,179.1279367085711,171.54859073968473,171.9979705810547,679800,0.0,0.0
2026-05-04 00:00:00-04:00,173.4858693704411,174.51442078971962,169.64128855428126,170.58995056152344,510000,0.0,0.0
2026-05-05 00:00:00-04:00,172.67700977033215,176.82417382360035,171.8781308884939,175.64283752441406,359200,0.0,0.0
2026-05-06 00:00:00-04:00,179.6272326721697,184.26071181014333,178.69853160970945,181.35479736328125,620800,0.0,0.0
2026-05-07 00:00:00-04:00,183.14227365462065,183.14227365462065,177.0708308973064,181.49459838867188,634400,0.0,0.0
2026-05-08 00:00:00-04:00,182.7029109234727,183.6116206091541,178.29910420788468,181.06521606445312,1013700,0.0,0.0
2026-05-11 00:00:00-04:00,180.08656883987516,183.68651379019832,178.130322141574,182.31344604492188,574100,0.0,0.0
2026-05-12 00:00:00-04:00,181.74425093567606,182.25352879076513,178.79839936633098,180.3262481689453,645800,0.0,0.0
2026-05-13 00:00:00-04:00,180.2962913516425,181.83911846489414,176.03228735625248,179.3176727294922,524600,0.0,0.0
2026-05-14 00:00:00-04:00,180.85549597060592,181.83411456016944,177.44030375052586,178.98812866210938,503700,0.0,0.0
2026-05-15 00:00:00-04:00,176.55155793827157,178.1243416495862,170.77968140121385,171.6384735107422,673000,0.0,0.0
2026-05-18 00:00:00-04:00,171.96800817124912,173.77546222624701,169.95084251484394,170.530029296875,484900,0.0,0.0
2026-05-19 00:00:00-04:00,168.84239741552923,168.84239741552923,165.14759999178915,167.15476989746094,529300,0.0,0.0
2026-05-20 00:00:00-04:00,168.05350527372977,173.4459261142903,166.98501680510878,173.16632080078125,591900,0.0,0.0
2026-05-21 00:00:00-04:00,170.86955376619295,176.03228696091352,168.26322077554667,175.1535186767578,444100,0.0,0.0
2026-05-22 00:00:00-04:00,175.96238730133086,180.88045424680186,173.83037776182118,179.49740600585938,374900,0.0,0.0
2026-05-26 00:00:00-04:00,177.26055110312814,183.95114821297318,177.26055110312814,181.49459838867188,525800,0.0,0.0
2026-05-27 00:00:00-04:00,183.55170579772872,183.55170579772872,178.56872755063108,178.67855834960938,321700,0.0,0.0
2026-05-28 00:00:00-04:00,177.30050780846204,181.9339870192498,175.31829654309334,181.20501708984375,491400,0.0,0.0
2026-05-29 00:00:00-04:00,180.77999877929688,185.1300048828125,179.60000610351562,183.0,482300,0.255,0.0
2026-06-01 00:00:00-04:00,179.9199981689453,182.91000366210938,178.08999633789062,182.0500030517578,437400,0.0,0.0
2026-06-02 00:00:00-04:00,182.6300048828125,186.66000366210938,182.6300048828125,186.57000732421875,712800,0.0,0.0
2026-06-03 00:00:00-04:00,186.2100067138672,189.2449951171875,185.55499267578125,186.08999633789062,436900,0.0,0.0
2026-06-04 00:00:00-04:00,186.97999572753906,189.94500732421875,186.3800048828125,188.36000061035156,348600,0.0,0.0
2026-06-05 00:00:00-04:00,187.3800048828125,190.9199981689453,185.5,188.86000061035156,435800,0.0,0.0
2026-06-08 00:00:00-04:00,190.3300018310547,194.8000030517578,188.3000030517578,192.74000549316406,479900,0.0,0.0
2026-06-09 00:00:00-04:00,195.3300018310547,201.0399932861328,192.77499389648438,200.9199981689453,566800,0.0,0.0
2026-06-10 00:00:00-04:00,198.3000030517578,202.41000366210938,195.6199951171875,195.64999389648438,729600,0.0,0.0
2026-06-11 00:00:00-04:00,197.9600067138672,205.7899932861328,197.9600067138672,204.07000732421875,527200,0.0,0.0
2026-06-12 00:00:00-04:00,206.82000732421875,208.3000030517578,203.7899932861328,206.57000732421875,586700,0.0,0.0
2026-06-15 00:00:00-04:00,210.0,212.5,206.57000732421875,206.57000732421875,745800,0.0,0.0
2026-06-16 00:00:00-04:00,208.58999633789062,210.7949981689453,206.49000549316406,207.02999877929688,476500,0.0,0.0
2026-06-17 00:00:00-04:00,206.52999877929688,212.4199981689453,206.52999877929688,209.14999389648438,481400,0.0,0.0
2026-06-18 00:00:00-04:00,211.61000061035156,216.19000244140625,209.1750030517578,214.89999389648438,731200,0.0,0.0
2026-06-22 00:00:00-04:00,214.58999633789062,216.94000244140625,213.4550018310547,215.1300048828125,356100,0.0,0.0
2026-06-23 00:00:00-04:00,210.11000061035156,216.97500610351562,206.9320068359375,212.85000610351562,579500,0.0,0.0
2026-06-24 00:00:00-04:00,212.85000610351562,217.4600067138672,210.88999938964844,213.8699951171875,334400,0.0,0.0
2026-06-25 00:00:00-04:00,215.4600067138672,224.88999938964844,215.42999267578125,223.58999633789062,506200,0.0,0.0
2026-06-26 00:00:00-04:00,225.0,226.4600067138672,217.97999572753906,219.05999755859375,944800,0.0,0.0
2026-06-29 00:00:00-04:00,218.1999969482422,220.64999389648438,216.9600067138672,220.30999755859375,274100,0.0,0.0
2026-06-30 00:00:00-04:00,221.25,223.9600067138672,219.64999389648438,223.07000732421875,347400,0.0,0.0
2026-07-01 00:00:00-04:00,220.6999969482422,224.57000732421875,219.3300018310547,219.8000030517578,379300,0.0,0.0
2026-07-02 00:00:00-04:00,221.97999572753906,222.72500610351562,214.83999633789062,217.63999938964844,474600,0.0,0.0
2026-07-06 00:00:00-04:00,217.7899932861328,220.77999877929688,216.82000732421875,220.05999755859375,275900,0.0,0.0
2026-07-07 00:00:00-04:00,217.86000061035156,221.92999267578125,213.32000732421875,218.22999572753906,437300,0.0,0.0
2026-07-08 00:00:00-04:00,214.89999389648438,217.3000030517578,211.6199951171875,214.1300048828125,419400,0.0,0.0
2026-07-09 00:00:00-04:00,216.35000610351562,219.42999267578125,213.71499633789062,217.02999877929688,310900,0.0,0.0
2026-07-10 00:00:00-04:00,217.05999755859375,221.27999877929688,214.0800018310547,219.07000732421875,253100,0.0,0.0
2026-07-13 00:00:00-04:00,217.0,219.7899932861328,214.55499267578125,215.85000610351562,258300,0.0,0.0
2026-07-14 00:00:00-04:00,219.24000549316406,221.4499969482422,215.24000549316406,216.47000122070312,492300,0.0,0.0
2026-07-15 00:00:00-04:00,215.35000610351562,219.30799865722656,213.39999389648438,218.83999633789062,363800,0.0,0.0
2026-07-16 00:00:00-04:00,220.05999755859375,223.30999755859375,213.4199981689453,219.00999450683594,526800,0.0,0.0
2026-07-17 00:00:00-04:00,215.72000122070312,221.60499572753906,214.5,217.49000549316406,488500,0.0,0.0
2026-07-20 00:00:00-04:00,221.22999572753906,222.89999389648438,216.00999450683594,217.5399932861328,500700,0.0,0.0
2026-07-21 00:00:00-04:00,219.24000549316406,222.26499938964844,216.24000549316406,217.3800048828125,508900,0.0,0.0
2026-07-22 00:00:00-04:00,216.0800018310547,220.7550048828125,215.5,219.85000610351562,449200,0.0,0.0
2026-07-23 00:00:00-04:00,218.1699981689453,221.82000732421875,216.02000427246094,218.10000610351562,641100,0.0,0.0
2026-07-24 00:00:00-04:00,219.7100067138672,226.99000549316406,217.11000061035156,226.13999938964844,782400,0.0,0.0
2026-07-27 00:00:00-04:00,228.3000030517578,230.5,222.41000366210938,226.44000244140625,470600,0.0,0.0
2026-07-28 00:00:00-04:00,226.89999389648438,227.4600067138672,222.10499572753906,226.33999633789062,714900,0.0,0.0
2026-07-29 00:00:00-04:00,217.5399932861328,217.5399932861328,205.125,206.72999572753906,1114400,0.0,0.0
2026-07-30 00:00:00-04:00,211.32000732421875,216.47500610351562,208.48399353027344,214.17999267578125,603000,0.0,0.0
2026-07-31 00:00:00-04:00,211.22999572753906,217.44000244140625,210.66000366210938,213.4600067138672,449500,0.0,0.0
2026-08-03 00:00:00-04:00,212.33999633789062,219.69500732421875,212.33999633789062,219.32000732421875,467800,0.0,0.0
2026-08-04 00:00:00-04:00,224.0,225.0,219.47999572753906,224.10000610351562,416600,0.0,0.0
2026-08-05 00:00:00-04:00,224.9600067138672,228.10000610351562,223.00999450683594,223.07000732421875,407100,0.0,0.0
2026-08-06 00:00:00-04:00,224.4600067138672,228.63999938964844,217.77999877929688,218.5500030517578,471300,0.0,0.0
2026-08-07 00:00:00-04:00,219.27000427246094,222.86000061035156,217.72000122070312,219.8800048828125,225900,0.0,0.0
2026-08-10 00:00:00-04:00,220.00999450683594,222.24600219726562,218.22000122070312,219.35000610351562,272500,0.0,0.0
2026-08-11 00:00:00-04:00,220.1300048828125,223.85000610351562,219.10499572753906,220.55999755859375,341400,0.0,0.0
2026-08-12 00:00:00-04:00,223.47000122070312,223.47000122070312,219.88999938964844,222.92999267578125,291000,0.0,0.0
2026-08-13 00:00:00-04:00,221.63999938964844,225.0,218.8300018310547,219.0399932861328,248600,0.0,0.0
2026-08-14 00:00:00-04:00,218.5500030517578,220.39999389648438,216.3000030517578,218.33999633789062,290000,0.0,0.0
2026-08-17 00:00:00-04:00,216.86000061035156,219.17999267578125,211.22000122070312,218.58999633789062,432800,0.0,0.0
2026-08-18 00:00:00-04:00,216.49000549316406,219.0800018310547,214.02000427246094,214.97999572753906,307700,0.0,0.0
2026-08-19 00:00:00-04:00,215.7899932861328,214.7899932861328,208.16000366210938,208.9600067138672,478479,0.0,0.0
